entry_index,side,entry_price,shares,entry_time,exit_index,exit_price,exit_time,pnl,return_pct,cum_pnl,win,entry_date
2,long,15695.16936,6.371387125955804,2022-07-01 09:25:00,6.0,15623.4375,2022-07-01 09:45:00,-507.0314493248633,-0.005070314493248633,-507.0314493248633,False,2022-07-01
25,long,15616.5615,6.403458277291067,2022-07-01 11:20:00,31.0,15571.592685,2022-07-01 11:50:00,-337.95593063172186,-0.0033795593063172184,-844.9873799565851,False,2022-07-01
34,long,15621.562,6.401408514718311,2022-07-01 12:05:00,63.0,15645.03534,2022-07-01 14:30:00,100.26243854488087,0.0010026243854488086,-744.7249414117042,True,2022-07-01
65,long,15683.268170000001,6.376222029492976,2022-07-01 14:40:00,105.0,15741.52569,2022-07-04 09:25:00,321.4628824076226,0.003214628824076226,-423.2620590040816,True,2022-07-01
124,long,15725.022345000001,6.35929144048539,2022-07-04 11:00:00,155.0,15745.525290000001,2022-07-04 13:35:00,80.3842026432439,0.000803842026432439,-342.8778563608377,True,2022-07-04
163,long,15771.27697,6.340640658978928,2022-07-04 14:15:00,248.0,15967.653075,2022-07-05 12:45:00,1195.1503158149112,0.011951503158149112,852.2724594540734,True,2022-07-04
308,long,15834.18326,6.315450462962496,2022-07-06 09:20:00,335.0,15830.366805000001,2022-07-06 11:35:00,-74.10263249661489,-0.0007410263249661489,778.1698269574586,False,2022-07-06
344,long,15868.036645,6.301976875728346,2022-07-06 12:20:00,366.0,15903.059535,2022-07-06 14:10:00,170.7134429011787,0.001707134429011787,948.8832698586373,True,2022-07-06
376,long,15966.5965,6.263075540238021,2022-07-06 15:00:00,434.0,16082.19162,2022-07-07 11:15:00,673.9809686428786,0.006739809686428786,1622.864238501516,True,2022-07-06
440,long,16100.6099,6.2109448412882795,2022-07-07 11:45:00,447.0,16093.940445,2022-07-07 12:20:00,-91.4236171264499,-0.000914236171264499,1531.440621375066,False,2022-07-07
451,long,16105.41038,6.209093567971536,2022-07-07 12:40:00,453.0,16086.3912,2022-07-07 12:50:00,-168.0918682060887,-0.001680918682060887,1363.3487531689773,False,2022-07-07
456,long,16125.81242,6.201237952884485,2022-07-07 13:05:00,468.0,16081.241715,2022-07-07 14:05:00,-326.3935474328188,-0.003263935474328188,1036.9552057361584,False,2022-07-07
476,long,16124.762315,6.201641800758537,2022-07-07 14:45:00,538.0,16198.77996,2022-07-08 11:20:00,409.0309212257055,0.004090309212257055,1445.9861269618639,True,2022-07-07
553,long,16209.520789999999,6.1692138401581955,2022-07-08 12:35:00,563.0,16199.429895,2022-07-08 13:25:00,-112.2528890935792,-0.001122528890935792,1333.7332378682847,False,2022-07-08
565,long,16211.170955,6.168585864499632,2022-07-08 13:35:00,572.0,16192.3806,2022-07-08 14:10:00,-165.9099182419249,-0.0016590991824192492,1167.8233196263598,False,2022-07-08
584,long,16224.622299999999,6.163471676009371,2022-07-08 15:10:00,617.0,16157.984040000001,2022-07-11 09:20:00,-460.72302804853524,-0.004607230280485352,707.1002915778245,False,2022-07-08
660,long,16135.563395000001,6.197490447156462,2022-07-11 12:55:00,691.0,16186.231215,2022-07-11 15:30:00,264.0133304282354,0.002640133304282354,971.1136220060598,True,2022-07-11
739,long,16145.414379999998,6.1937091019400645,2022-07-12 10:55:00,743.0,16135.3863,2022-07-12 11:15:00,-112.11101037097214,-0.0011211101037097214,859.0026116350876,False,2022-07-12
772,long,16092.159054999998,6.214206537371315,2022-07-12 13:40:00,788.0,16071.3927,2022-07-12 15:00:00,-179.04641899836062,-0.0017904641899836062,679.956192636727,False,2022-07-12
823,long,16109.11075,6.207667297836412,2022-07-13 09:20:00,839.0,16077.342105000002,2022-07-13 10:40:00,-247.20917866306362,-0.002472091786630636,432.74701397366334,False,2022-07-13
849,long,16101.459985,6.210616931207435,2022-07-13 11:30:00,856.0,16074.99234,2022-07-13 12:05:00,-214.38040416618043,-0.0021438040416618042,218.36660980748292,False,2022-07-13
859,long,16099.159754999999,6.211504297231567,2022-07-13 12:20:00,862.0,16084.141425,2022-07-13 12:35:00,-143.28642133223536,-0.0014328642133223535,75.08018847524755,False,2022-07-13
925,long,16022.80212,6.241105597576961,2022-07-14 09:20:00,942.0,16029.29691,2022-07-14 10:45:00,-9.46532977592043,-9.465329775920431e-05,65.61485869932713,False,2022-07-14
970,long,15970.19686,6.261663577264131,2022-07-14 13:05:00,972.0,15968.403,2022-07-14 13:15:00,-61.232547824709584,-0.0006123254782470958,4.382310874617545,False,2022-07-14
995,long,15932.69311,6.276402822146619,2022-07-14 15:10:00,1046.0,15978.402,2022-07-15 10:55:00,236.88740619318867,0.0023688740619318867,241.2697170678062,True,2022-07-14
1057,long,15997.149555,6.251113653478624,2022-07-15 11:50:00,1061.0,15944.90535,2022-07-15 12:10:00,-376.5844631906303,-0.003765844631906303,-135.3147461228241,False,2022-07-15
1071,long,15981.598,6.25719655819149,2022-07-15 13:00:00,1080.0,15960.4038,2022-07-15 13:45:00,-182.6162752936215,-0.001826162752936215,-317.93102141644556,False,2022-07-15
1084,long,15975.5974,6.25954682608614,2022-07-15 14:05:00,1175.0,16236.27621,2022-07-18 13:35:00,1581.7312177634085,0.015817312177634085,1263.8001963469628,True,2022-07-15
1178,long,16247.574595,6.154764787525507,2022-07-18 13:50:00,1227.0,16249.324905000001,2022-07-19 09:20:00,-39.227253644738454,-0.00039227253644738455,1224.5729427022243,False,2022-07-18
1238,long,16298.92973,6.135372178207434,2022-07-19 10:15:00,1256.0,16272.17262,2022-07-19 11:45:00,-214.16482826323877,-0.002141648282632388,1010.4081144389855,False,2022-07-19
1263,long,16306.6305,6.132474762336708,2022-07-19 12:20:00,1274.0,16269.172919999999,2022-07-19 13:15:00,-279.7076640082097,-0.002797076640082097,730.7004504307758,False,2022-07-19
1282,long,16302.980135,6.133847871489172,2022-07-19 13:55:00,1283.0,16305.3693,2022-07-19 14:00:00,-35.34522535011049,-0.0003534522535011049,695.3552250806654,False,2022-07-19
1284,long,16323.03214,6.1263127550271435,2022-07-19 14:05:00,1305.0,16338.366,2022-07-19 15:50:00,43.940022101804445,0.00043940022101804447,739.2952471824698,True,2022-07-19
1330,long,16517.35157,6.05423936011795,2022-07-20 09:20:00,1362.0,16548.944939999998,2022-07-20 12:00:00,141.27382417276166,0.0014127382417276166,880.5690713552315,True,2022-07-20
1365,long,16553.505184999998,6.041016623513385,2022-07-20 12:15:00,1377.0,16518.348,2022-07-20 13:15:00,-262.3851390209136,-0.002623851390209136,618.1839323343179,False,2022-07-20
1433,long,16517.95163,6.054019423230385,2022-07-21 09:25:00,1469.0,16568.14302,2022-07-21 12:25:00,253.85964993893106,0.0025385964993893105,872.043582273249,True,2022-07-21
1476,long,16567.256559999998,6.03600237841672,2022-07-21 13:00:00,1477.0,16542.295605,2022-07-21 13:05:00,-200.66438374754458,-0.0020066438374754456,671.3791985257044,False,2022-07-21
1492,long,16557.855620000002,6.039429398044237,2022-07-21 14:20:00,1546.0,16626.637169999998,2022-07-22 10:15:00,365.40131511302576,0.0036540131511302574,1036.78051363873,True,2022-07-21
1563,long,16639.613795,6.009754867630928,2022-07-22 11:40:00,1582.0,16666.533180000002,2022-07-22 13:15:00,111.77890503738735,0.0011177890503738734,1148.5594186761175,True,2022-07-22
1583,long,16679.6678,5.995323240190671,2022-07-22 13:20:00,1585.0,16663.683465,2022-07-22 13:30:00,-145.8312551044992,-0.001458312551044992,1002.7281635716183,False,2022-07-22
1588,long,16696.46948,5.9892901382406505,2022-07-22 13:45:00,1609.0,16722.3276,2022-07-22 15:30:00,104.87178310944802,0.0010487178310944801,1107.5999466810663,True,2022-07-22
1618,long,16725.6724,5.97883287490433,2022-07-25 07:40:00,1638.0,16682.181614999998,2022-07-25 09:20:00,-310.02413511340677,-0.0031002413511340677,797.5758115676595,False,2022-07-25
1671,long,16599.609795,6.0242379932401295,2022-07-25 12:05:00,1673.0,16584.191414999998,2022-07-25 12:15:00,-142.8839905902306,-0.0014288399059023062,654.6918209774288,False,2022-07-25
1676,long,16598.209655,6.024746167119071,2022-07-25 12:30:00,1679.0,16593.94044,2022-07-25 12:45:00,-75.7209367078588,-0.000757209367078588,578.9708842695701,False,2022-07-25
1686,long,16614.6613,6.018780533311263,2022-07-25 13:20:00,1710.0,16635.086325,2022-07-25 15:20:00,72.93374286239865,0.0007293374286239865,651.9046271319687,True,2022-07-25
1773,long,16546.354470000002,6.043627324756568,2022-07-26 12:00:00,1795.0,16513.198515,2022-07-26 13:50:00,-250.3822356164112,-0.0025038223561641123,401.5223915155575,False,2022-07-26
1851,long,16497.6496,6.0614695077533955,2022-07-27 10:00:00,1882.0,16558.344,2022-07-27 12:35:00,317.8972548913896,0.003178972548913896,719.4196464069471,True,2022-07-27
1883,long,16561.656,6.038043538641305,2022-07-27 12:40:00,1903.0,16605.739260000002,2022-07-27 14:20:00,216.1766432052632,0.002161766432052632,935.5962896122103,True,2022-07-27
1904,long,16616.6615,6.018056033698467,2022-07-27 14:25:00,2010.0,16892.3106,2022-07-28 14:40:00,1608.8717294385663,0.016088717294385664,2544.4680190507765,True,2022-07-27
2017,long,16930.19285,5.906607259940338,2022-07-28 15:15:00,2065.0,17068.892939999998,2022-07-29 10:40:00,769.2469585483691,0.0076924695854836906,3313.7149775991456,True,2022-07-28
2072,long,17144.7143,5.8327014524820635,2022-07-29 11:15:00,2101.0,17125.437285,2022-07-29 13:40:00,-162.43707339001656,-0.0016243707339001657,3151.2779042091292,False,2022-07-29
2118,long,17191.969025,5.81666939107343,2022-07-29 15:05:00,2186.0,17293.2705,2022-08-01 12:15:00,539.2371889030915,0.005392371889030915,3690.5150931122207,True,2022-07-29
2187,long,17309.7308,5.777097353819044,2022-08-01 12:20:00,2254.0,17328.017025,2022-08-02 09:20:00,55.64130205883866,0.0005564130205883866,3746.1563951710596,True,2022-08-01
2281,long,17313.7312,5.775762534652266,2022-08-02 11:35:00,2295.0,17262.223605,2022-08-02 12:45:00,-347.49563745103734,-0.003474956374510373,3398.660757720022,False,2022-08-02
2304,long,17299.479775,5.780520645742944,2022-08-02 13:30:00,2327.0,17310.36879,2022-08-02 15:25:00,12.94417601930838,0.0001294417601930838,3411.6049337393306,True,2022-08-02
2357,long,17382.93812,5.752767415362577,2022-08-03 09:20:00,2363.0,17316.518175,2022-08-03 09:50:00,-432.098495326162,-0.00432098495326162,2979.506438413169,False,2022-08-03
2389,long,17276.7275,5.788133198257598,2022-08-03 12:00:00,2390.0,17263.2735,2022-08-03 12:05:00,-127.87354404936666,-0.0012787354404936665,2851.6328943638023,False,2022-08-03
2397,long,17290.7289,5.783446179646019,2022-08-03 12:40:00,2412.0,17300.519775,2022-08-03 13:55:00,6.624998614155686,6.624998614155686e-05,2858.257892977958,True,2022-08-03
2413,long,17313.531179999998,5.775829260960733,2022-08-03 14:00:00,2473.0,17435.406285,2022-08-04 10:30:00,653.929797641678,0.006539297976416779,3512.1876906196358,True,2022-08-03
2503,long,17348.784705,5.764092511401075,2022-08-04 13:00:00,2516.0,17291.120714999997,2022-08-04 14:05:00,-382.3805729365118,-0.0038238057293651178,3129.807117683124,False,2022-08-04
2526,long,17370.53688,5.75687445303648,2022-08-04 14:55:00,2593.0,17463.2535,2022-08-05 11:55:00,483.75794104988677,0.004837579410498867,3613.565058733011,True,2022-08-04
2600,long,17479.997825,5.720824510457284,2022-08-05 12:30:00,2602.0,17463.803444999998,2022-08-05 12:40:00,-142.64520603566393,-0.0014264520603566393,3470.919852697347,False,2022-08-05
2617,long,17458.095634999998,5.728001615452258,2022-08-05 13:55:00,2619.0,17435.2563,2022-08-05 14:05:00,-180.82374777583775,-0.0018082374777583774,3290.0961049215093,False,2022-08-05
2631,long,17434.793305,5.7356573290330735,2022-08-05 15:05:00,2633.0,17411.708655000002,2022-08-05 15:15:00,-182.40564196064645,-0.0018240564196064645,3107.690462960863,False,2022-08-05
2665,long,17396.53948,5.748269655293536,2022-08-08 09:20:00,2666.0,17391.610665,2022-08-08 09:25:00,-78.33215770105161,-0.0007833215770105161,3029.3583052598115,False,2022-08-08
2668,long,17431.092934999997,5.736874926483204,2022-08-08 09:35:00,2727.0,17552.2446,2022-08-08 14:30:00,645.0319492402207,0.006450319492402207,3674.390254500032,True,2022-08-08
2734,long,17565.906415,5.692845995957676,2022-08-08 15:05:00,2738.0,17554.44438,2022-08-08 15:25:00,-115.25160005527941,-0.001152516000552794,3559.1386544447523,False,2022-08-08
2739,long,17566.206445,5.692748762409299,2022-08-08 15:30:00,2769.0,17549.144910000003,2022-08-10 09:25:00,-147.1270322560364,-0.0014712703225603638,3412.011622188716,False,2022-08-08
2782,long,17545.354359999998,5.699514409807566,2022-08-10 10:30:00,2793.0,17506.099215,2022-08-10 11:25:00,-273.73526458658074,-0.002737352645865807,3138.2763576021352,False,2022-08-10
2797,long,17532.003024999998,5.703854822372757,2022-08-10 11:45:00,2800.0,17514.648360000003,2022-08-10 12:00:00,-148.98848965088686,-0.0014898848965088686,2989.2878679512482,False,2022-08-10
2805,long,17543.55418,5.700099248646092,2022-08-10 12:25:00,2816.0,17527.197105,2022-08-10 13:20:00,-143.23695091754718,-0.0014323695091754717,2846.050917033701,False,2022-08-10
2826,long,17546.7545,5.699059618119123,2022-08-10 14:10:00,2843.0,17551.294695,2022-08-10 15:35:00,-24.125158017105647,-0.00024125158017105649,2821.9257590165953,False,2022-08-10
2870,long,17723.922215000002,5.642092014789402,2022-08-11 09:20:00,2898.0,17681.181705000003,2022-08-11 11:40:00,-291.1458901790245,-0.002911458901790245,2530.7798688375706,False,2022-08-11
2907,long,17714.87131,5.6449746797511455,2022-08-11 12:25:00,2915.0,17698.23,2022-08-11 13:05:00,-143.93977358788425,-0.0014393977358788425,2386.8400952496863,False,2022-08-11
2933,long,17700.96992,5.649407939336242,2022-08-11 14:35:00,2936.0,17682.381585000003,2022-08-11 14:50:00,-155.0130873280233,-0.0015501308732802329,2231.827007921663,False,2022-08-11
2939,long,17697.169540000003,5.65062112186783,2022-08-11 15:05:00,2942.0,17680.03182,2022-08-11 15:20:00,-146.83876261267056,-0.0014683876261267056,2084.9882453089926,False,2022-08-11
2982,long,17687.7686,5.653624392168948,2022-08-12 10:05:00,3010.0,17693.93043,2022-08-12 12:25:00,-15.163327611596422,-0.00015163327611596422,2069.8249176973964,False,2022-08-12
3013,long,17708.7707,5.646919353922178,2022-08-12 12:40:00,3035.0,17710.2288,2022-08-12 14:30:00,-41.76622689004702,-0.0004176622689004702,2028.0586908073494,False,2022-08-12
3046,long,17717.7716,5.64405063219124,2022-08-12 15:25:00,3105.0,17831.2167,2022-08-16 11:40:00,590.289888374003,0.00590289888374003,2618.3485791813523,True,2022-08-12
3116,long,17834.933315000002,5.606973585704152,2022-08-16 12:35:00,3118.0,17817.218100000002,2022-08-16 12:45:00,-149.32874257007092,-0.001493287425700709,2469.0198366112813,False,2022-08-16
3134,long,17826.7825,5.609537222995793,2022-08-16 14:05:00,3235.0,17946.605160000003,2022-08-17 14:00:00,622.1496714283783,0.006221496714283782,3091.1695080396594,True,2022-08-16
3241,long,17958.745695,5.568317615179638,2022-08-17 14:30:00,3255.0,17961.203700000002,2022-08-17 15:40:00,-36.31304746029808,-0.0003631304746029808,3054.8564605793613,False,2022-08-17
3290,long,17963.7962,5.566752087735219,2022-08-18 10:05:00,3296.0,17897.01012,2022-08-18 10:35:00,-421.7815502716607,-0.004217815502716607,2633.0749103077005,False,2022-08-18
3322,long,17910.7909,5.58322636662572,2022-08-18 12:45:00,3337.0,17898.40998,2022-08-18 14:00:00,-119.12547898708151,-0.0011912547898708151,2513.949431320619,False,2022-08-18
3340,long,17931.242945,5.576858241602503,2022-08-18 14:15:00,3384.0,17966.653155,2022-08-19 09:20:00,147.47772147536526,0.0014747772147536526,2661.4271527959845,True,2022-08-18
3432,long,17813.18114,5.6138204183781175,2022-08-19 13:20:00,3437.0,17775.972225,2022-08-19 13:45:00,-258.88416677269163,-0.0025888416677269164,2402.542986023293,False,2022-08-19
3448,long,17791.328955,5.620715588640523,2022-08-19 14:40:00,3453.0,17786.271195,2022-08-19 15:05:00,-78.42823047560074,-0.0007842823047560074,2324.1147555476923,False,2022-08-19
3455,long,17771.67699,5.6269309900393365,2022-08-19 15:15:00,3456.0,17768.772945,2022-08-19 15:20:00,-66.34086080696493,-0.0006634086080696493,2257.7738947407274,False,2022-08-19
3521,long,17584.408265000002,5.686856133739795,2022-08-22 12:10:00,3529.0,17571.992625,2022-08-22 12:50:00,-120.60595848832162,-0.0012060595848832163,2137.167936252406,False,2022-08-22
3550,long,17539.103734999997,5.701545615494931,2022-08-22 14:35:00,3551.0,17526.94713,2022-08-22 14:40:00,-119.31143793703373,-0.0011931143793703373,2017.8564983153722,False,2022-08-22
3595,long,17540.65389,5.70104174149462,2022-08-23 09:45:00,3606.0,17457.104115,2022-08-23 10:40:00,-526.3207547675015,-0.005263207547675015,1491.5357435478707,False,2022-08-23
3618,long,17495.099335,5.715886379675706,2022-08-23 11:40:00,3624.0,17455.204305,2022-08-23 12:10:00,-278.03545859375186,-0.0027803545859375186,1213.5002849541188,False,2022-08-23
3630,long,17504.000225,5.712979816874974,2022-08-23 12:40:00,3658.0,17564.693355,2022-08-23 15:00:00,296.738626712967,0.00296738626712967,1510.2389116670859,True,2022-08-23
3663,long,17630.26285,5.672065178540432,2022-08-23 15:25:00,3693.0,17581.691655000002,2022-08-24 09:20:00,-325.498983839579,-0.00325498983839579,1184.7399278275068,False,2022-08-23
3707,long,17589.55878,5.685190927796541,2022-08-24 10:30:00,3725.0,17561.343689999998,2022-08-24 12:00:00,-210.4081736949715,-0.002104081736949715,974.3317541325353,False,2022-08-24
3734,long,17588.208645,5.68562734377319,2022-08-24 12:45:00,3735.0,17572.74255,2022-08-24 12:50:00,-137.93445263339248,-0.0013793445263339248,836.3973014991427,False,2022-08-24
3747,long,17585.15834,5.686613567336238,2022-08-24 13:50:00,3819.0,17671.53267,2022-08-25 11:20:00,441.1774368475702,0.0044117743684757025,1277.5747383467128,True,2022-08-24
3826,long,17699.7698,5.64979099332693,2022-08-25 11:55:00,3849.0,17710.828739999997,2022-08-25 13:55:00,12.48069960773718,0.0001248069960773718,1290.05543795445,True,2022-08-25
3897,long,17723.522175,5.642219363206231,2022-08-26 09:20:00,3916.0,17691.13071,2022-08-26 10:55:00,-232.75975102559983,-0.0023275975102559983,1057.2956869288503,False,2022-08-26
3924,long,17701.36996,5.649280266215056,2022-08-26 11:35:00,3926.0,17695.2303,2022-08-26 11:45:00,-84.68466007927407,-0.0008468466007927407,972.6110268495762,False,2022-08-26
3927,long,17705.720395,5.647892193544379,2022-08-26 11:50:00,3943.0,17670.682755,2022-08-26 13:10:00,-247.88881343621065,-0.0024788881343621063,724.7222134133656,False,2022-08-26
3956,long,17687.26855,5.653784230013288,2022-08-26 14:15:00,3957.0,17693.180505,2022-08-26 14:20:00,-16.575082052454164,-0.00016575082052454164,708.1471313609114,False,2022-08-26
3958,long,17681.768,5.65554304298077,2022-08-26 14:25:00,3961.0,17671.83264,2022-08-26 14:40:00,-106.18985612750654,-0.0010618985612750654,601.9572752334049,False,2022-08-26
3963,long,17674.817305,5.657767108671113,2022-08-26 14:50:00,3964.0,17670.282795,2022-08-26 14:55:00,-75.65520153194771,-0.0007565520153194771,526.3020737014572,False,2022-08-26
3971,long,17674.26725,5.657943188564154,2022-08-26 15:30:00,4000.0,17274.97233,2022-08-29 09:20:00,-2309.1879728422705,-0.023091879728422703,-1782.8858991408133,False,2022-08-26
4029,long,17390.7389,5.750186957266088,2022-08-29 11:45:00,4044.0,17377.2621,2022-08-29 13:00:00,-127.49411958568572,-0.0012749411958568571,-1910.380018726499,False,2022-08-29
4050,long,17393.83921,5.749162033331226,2022-08-29 13:30:00,4062.0,17372.06262,2022-08-29 14:30:00,-175.19714444340704,-0.0017519714444340704,-2085.577163169906,False,2022-08-29
4076,long,17387.23855,5.751344568744069,2022-08-29 15:40:00,4205.0,17596.14021,2022-09-01 09:20:00,1151.4654276426384,0.011514654276426384,-934.1117355272675,True,2022-08-29
4219,long,17724.7723,5.641821418490098,2022-09-01 10:30:00,4224.0,17685.73125,2022-09-01 10:55:00,-270.26263209034175,-0.0027026263209034176,-1204.374367617609,False,2022-09-01
4268,long,17565.556379999998,5.692959439295598,2022-09-01 14:40:00,4307.0,17614.63836,2022-09-02 09:25:00,229.4217213403329,0.002294217213403329,-974.9526462772762,True,2022-09-01
4325,long,17544.35426,5.6998393054564325,2022-09-02 10:55:00,4326.0,17533.096514999997,2022-09-02 11:00:00,-114.16733744182054,-0.0011416733744182054,-1089.1199837190968,False,2022-09-02
4332,long,17557.205545,5.695667214449075,2022-09-02 11:30:00,4333.0,17537.396085,2022-09-02 11:35:00,-162.82809185794264,-0.0016282809185794265,-1251.9480755770394,False,2022-09-02
4336,long,17561.705995,5.694207614480679,2022-09-02 11:50:00,4371.0,17578.691955000002,2022-09-02 14:45:00,46.72158277127447,0.0004672158277127447,-1205.226492805765,True,2022-09-02
4409,long,17627.112534999997,5.673078889207876,2022-09-05 09:20:00,4433.0,17656.184205,2022-09-05 11:20:00,114.92587735104524,0.0011492587735104525,-1090.3006154547197,True,2022-09-05
4439,long,17685.618384999998,5.65431175902872,2022-09-05 11:50:00,4457.0,17679.781844999998,2022-09-05 13:20:00,-83.00161675404286,-0.0008300161675404286,-1173.3022322087627,False,2022-09-05
4467,long,17701.219945,5.649328142959245,2022-09-05 14:10:00,4486.0,17699.72985,2022-09-05 15:45:00,-58.418035619188615,-0.0005841803561918861,-1231.7202678279514,False,2022-09-05
4512,long,17770.17684,5.627406012916189,2022-09-06 09:20:00,4518.0,17693.380485,2022-09-06 09:50:00,-482.16426989703825,-0.0048216426989703826,-1713.8845377249895,False,2022-09-06
4535,long,17689.418765000002,5.653096991397953,2022-09-06 11:15:00,4566.0,17700.2298,2022-09-06 13:50:00,11.115829432391237,0.00011115829432391238,-1702.7687082925984,True,2022-09-06
4572,long,17715.721395,5.644703806881018,2022-09-06 14:20:00,4577.0,17662.73355,2022-09-06 14:45:00,-349.10069038991935,-0.0034910069038991934,-2051.869398682518,False,2022-09-06
4646,long,17623.812205,5.674141260517365,2022-09-07 11:55:00,4679.0,17627.53707,2022-09-07 14:40:00,-28.864589813642212,-0.00028864589813642214,-2080.7339884961602,False,2022-09-07
4688,long,17655.96542,5.663808102315596,2022-09-07 15:25:00,4737.0,17769.122910000002,2022-09-08 11:00:00,590.9023086997041,0.005909023086997041,-1489.8316797964562,True,2022-09-07
4738,long,17775.827405,5.6256171778463555,2022-09-08 11:05:00,4741.0,17748.225,2022-09-08 11:20:00,-205.2805637178803,-0.002052805637178803,-1695.1122435143366,False,2022-09-08
4748,long,17776.827504999997,5.62530068831874,2022-09-08 11:55:00,4755.0,17762.72355,2022-09-08 12:30:00,-129.3389877695091,-0.001293389877695091,-1824.4512312838456,False,2022-09-08
4757,long,17786.7785,5.622153556362103,2022-09-08 12:40:00,4760.0,17739.875835000003,2022-09-08 12:55:00,-313.69398483259795,-0.0031369398483259794,-2138.1452161164434,False,2022-09-08
4771,long,17755.7754,5.631970316542752,2022-09-08 13:50:00,4773.0,17743.32549,2022-09-08 14:00:00,-120.11752356362518,-0.001201175235636252,-2258.2627396800685,False,2022-09-08
4775,long,17766.57648,5.628546395112808,2022-09-08 14:10:00,4843.0,17914.00842,2022-09-09 11:15:00,779.8275144114798,0.007798275144114798,-1478.4352252685887,True,2022-09-08
4863,long,17874.187240000003,5.594659978508762,2022-09-09 12:55:00,4864.0,17883.2115,2022-09-09 13:00:00,0.4876662576480868,4.876662576480868e-06,-1477.9475590109407,True,2022-09-09
4865,long,17862.88611,5.598199494986312,2022-09-09 13:05:00,4866.0,17865.11331,2022-09-09 13:10:00,-37.5316900847599,-0.00037531690084759904,-1515.4792490957007,False,2022-09-09
4876,long,17883.138134999997,5.591859730943135,2022-09-09 14:00:00,4892.0,17852.2146,2022-09-09 15:20:00,-222.92007010489988,-0.002229200701048999,-1738.3993192006005,False,2022-09-09
4922,long,17928.842705,5.577604848533363,2022-09-12 09:20:00,4968.0,17979.2019,2022-09-12 13:10:00,230.88369020024214,0.0023088369020024214,-1507.5156290003583,True,2022-09-12
4980,long,18020.8019,5.549142627221268,2022-09-12 14:10:00,4987.0,17978.00202,2022-09-12 14:45:00,-287.5026385479476,-0.0028750263854794757,-1795.0182675483059,False,2022-09-12
5025,long,18052.755095,5.539320700567006,2022-09-13 09:20:00,5087.0,18104.239395,2022-09-13 14:30:00,235.18804874420232,0.002351880487442023,-1559.8302188041034,True,2022-09-13
5095,long,18112.31105,5.521106595615803,2022-09-13 15:10:00,5096.0,18100.38978,2022-09-13 15:15:00,-115.81860242511081,-0.0011581860242511081,-1675.6488212292143,False,2022-09-13
5102,long,18109.210740000002,5.522051813065376,2022-09-13 15:45:00,5128.0,17878.31199,2022-09-14 09:20:00,-1325.0348610720507,-0.013250348610720507,-3000.683682301265,False,2022-09-13
5150,long,17974.997320000002,5.5632831660416615,2022-09-14 11:10:00,5184.0,18030.496769999998,2022-09-14 14:00:00,258.759155909547,0.00258759155909547,-2741.924526391718,True,2022-09-14
5186,long,18077.40756,5.531766635680144,2022-09-14 14:10:00,5198.0,18039.1959,2022-09-14 15:10:00,-261.37798588195824,-0.0026137798588195824,-3003.3025122736763,False,2022-09-14
5231,long,18091.10893,5.5275771312267485,2022-09-15 09:20:00,5238.0,17995.550264999998,2022-09-15 09:55:00,-578.2078913445605,-0.005782078913445605,-3581.5104036182365,False,2022-09-15
5262,long,17907.740595,5.584177382372899,2022-09-15 11:55:00,5263.0,17905.80924,2022-09-15 12:00:00,-60.78502890833628,-0.0006078502890833628,-3642.2954325265728,False,2022-09-15
5272,long,17914.7913,5.581979623731368,2022-09-15 12:45:00,5283.0,17895.310289999998,2022-09-15 13:40:00,-158.74260086972464,-0.0015874260086972463,-3801.0380333962976,False,2022-09-15
5292,long,17939.59378,5.574262228361338,2022-09-15 14:25:00,5301.0,17902.459575,2022-09-15 15:10:00,-256.9957963117182,-0.0025699579631171822,-4058.0338297080157,False,2022-09-15
5399,long,17624.862309999997,5.6738031901254615,2022-09-16 14:45:00,5404.0,17569.2429,2022-09-16 15:10:00,-365.5735858908716,-0.0036557358589087157,-4423.607415598887,False,2022-09-16
5442,long,17574.45727,5.690076140826396,2022-09-19 09:45:00,5466.0,17603.639460000002,2022-09-19 11:45:00,116.04888305608071,0.001160488830560807,-4307.5585325428065,True,2022-09-19
5473,long,17659.815805,5.662573217308821,2022-09-19 12:20:00,5477.0,17635.13631,2022-09-19 12:40:00,-189.74944740368815,-0.0018974944740368816,-4497.307979946495,False,2022-09-19
5492,long,17659.315755,5.662733561558654,2022-09-19 13:55:00,5500.0,17646.2352,2022-09-19 14:35:00,-124.07169780231646,-0.0012407169780231646,-4621.379677748811,False,2022-09-19
5512,long,17642.7641,5.668046085817131,2022-09-19 15:35:00,5592.0,17882.51157,2022-09-20 13:40:00,1308.8997089180511,0.013088997089180512,-3312.4799688307603,True,2022-09-19
5639,long,17797.47957,5.618773130582108,2022-09-21 09:20:00,5645.0,17770.622760000002,2022-09-21 09:50:00,-200.9023224011348,-0.002009023224011348,-3513.382291231895,False,2022-09-21
5654,long,17818.881709999998,5.612024459642704,2022-09-21 10:35:00,5666.0,17776.172205000003,2022-09-21 11:35:00,-289.68678671920577,-0.0028968678671920578,-3803.069077951101,False,2022-09-21
5684,long,17728.47267,5.640643831051466,2022-09-21 13:05:00,5689.0,17720.627760000003,2022-09-21 13:30:00,-94.2503431966323,-0.000942503431966323,-3897.3194211477335,False,2022-09-21
5691,long,17754.925315,5.632239968675982,2022-09-21 13:40:00,5705.0,17726.677155,2022-09-21 14:50:00,-209.10041579354956,-0.0020910041579354955,-4106.419836941283,False,2022-09-21
5723,long,17736.023425,5.638242440469713,2022-09-22 07:45:00,5742.0,17638.236,2022-09-22 09:20:00,-601.3492097792413,-0.006013492097792413,-4707.769046720525,False,2022-09-22
5787,long,17603.010125,5.6808465875946315,2022-09-22 13:05:00,5810.0,17666.283195,2022-09-22 15:00:00,309.4446037961321,0.0030944460379613214,-4398.324442924392,True,2022-09-22
5871,long,17465.696395,5.725508891167234,2022-09-23 12:00:00,5873.0,17456.75415,2022-09-23 12:10:00,-101.19890325448638,-0.0010119890325448638,-4499.5233461788785,False,2022-09-23
5874,long,17433.793204999998,5.735986358454687,2022-09-23 12:15:00,5875.0,17423.2575,2022-09-23 12:20:00,-110.43266015669374,-0.0011043266015669374,-4609.956006335572,False,2022-09-23
5976,long,17063.756204999998,5.8603743981467655,2022-09-26 12:10:00,5994.0,17110.2888,2022-09-26 13:40:00,222.6984284173356,0.002226984284173356,-4387.257577918236,True,2022-09-26
6003,long,17146.7145,5.832021055695539,2022-09-26 14:25:00,6009.0,17081.2917,2022-09-26 14:55:00,-431.54714712253855,-0.0043154714712253855,-4818.804725040774,False,2022-09-26
6044,long,17134.113240000002,5.836310207554107,2022-09-27 09:20:00,6053.0,17045.69526,2022-09-27 10:05:00,-566.0347592053265,-0.005660347592053265,-5384.839484246101,False,2022-09-27
6073,long,17064.706299999998,5.860048115800271,2022-09-27 11:50:00,6102.0,17046.09522,2022-09-27 14:15:00,-159.06182428700086,-0.0015906182428700086,-5543.901308533102,False,2022-09-27
6118,long,17047.20455,5.8660644158223585,2022-09-27 15:35:00,6145.0,16840.01583,2022-09-28 09:20:00,-1265.382377751772,-0.01265382377751772,-6809.2836862848735,False,2022-09-27
6158,long,16945.89442,5.901134370457148,2022-09-28 10:25:00,6159.0,16923.407489999998,2022-09-28 10:30:00,-182.69839550908023,-0.0018269839550908024,-6991.9820817939535,False,2022-09-28
6169,long,16955.29536,5.897862459884627,2022-09-28 11:20:00,6187.0,16965.50328,2022-09-28 12:50:00,10.204908161509849,0.00010204908161509848,-6981.777173632444,True,2022-09-28
6195,long,16999.6998,5.882456818443347,2022-09-28 13:30:00,6198.0,16947.80505,2022-09-28 13:45:00,-355.2686259789098,-0.0035526862597890984,-7337.045799611354,False,2022-09-28
6248,long,17010.7009,5.878652536886355,2022-09-29 09:20:00,6265.0,16948.10502,2022-09-29 10:50:00,-417.9794287606383,-0.004179794287606383,-7755.025228371992,False,2022-09-29
6267,long,16971.146945,5.8923536708555675,2022-09-29 11:00:00,6270.0,16926.60717,2022-09-29 11:15:00,-312.4441067203375,-0.003124441067203375,-8067.46933509233,False,2022-09-29
6310,long,16852.435075,5.933860569998368,2022-09-29 14:35:00,6317.0,16792.62057,2022-09-29 15:10:00,-404.9309327334827,-0.004049309327334827,-8472.400267825813,False,2022-09-29
6354,long,16837.48358,5.93912977107711,2022-09-30 09:45:00,6417.0,17137.436085,2022-09-30 15:00:00,1731.4568523546623,0.01731456852354662,-6740.943415471151,True,2022-09-30
6477,long,17046.7045,5.866236491633911,2022-10-03 11:25:00,6489.0,16998.849944999998,2022-10-03 12:25:00,-330.7261368319121,-0.0033072613683191206,-7071.669552303063,False,2022-10-03
6495,long,17026.752505,5.873110563546069,2022-10-03 12:55:00,6503.0,16982.3016,2022-10-03 13:35:00,-311.06507971469165,-0.0031106507971469166,-7382.734632017755,False,2022-10-03
6554,long,17177.017529999997,5.821732429704286,2022-10-04 09:20:00,6609.0,17270.2728,2022-10-04 14:00:00,492.9072295998378,0.004929072295998378,-6889.827402417917,True,2022-10-04
6611,long,17292.979124999998,5.782693616707873,2022-10-04 14:10:00,6618.0,17256.57417,2022-10-04 14:45:00,-260.5187008950267,-0.0026051870089502673,-7150.346103312944,False,2022-10-04
6623,long,17296.22945,5.7816069270519534,2022-10-04 15:10:00,6677.0,17374.16241,2022-10-06 11:25:00,400.5777413816739,0.004005777413816739,-6749.76836193127,True,2022-10-04
6689,long,17388.23865,5.751013775049608,2022-10-06 12:25:00,6691.0,17361.213705000002,2022-10-06 12:35:00,-205.420830964943,-0.00205420830964943,-6955.189192896213,False,2022-10-06
6694,long,17400.889915,5.746832517674715,2022-10-06 12:50:00,6708.0,17357.2641,2022-10-06 14:00:00,-300.710252252058,-0.00300710252252058,-7255.899445148271,False,2022-10-06
6757,long,17345.184345,5.765288970758413,2022-10-07 10:00:00,6763.0,17286.2712,2022-10-07 10:30:00,-389.6513051012042,-0.0038965130510120417,-7645.550750249476,False,2022-10-07
6790,long,17301.279954999998,5.779919188643636,2022-10-07 12:45:00,6800.0,17265.423285,2022-10-07 13:35:00,-257.2486549738476,-0.002572486549738476,-7902.799405223323,False,2022-10-07
6803,long,17283.7282,5.785788739723412,2022-10-07 13:50:00,6847.0,17077.442085000002,2022-10-10 09:20:00,-1243.5278813282828,-0.012435278813282827,-9146.327286551606,False,2022-10-07
6871,long,17106.610490000003,5.845693397792445,2022-10-10 11:20:00,6897.0,17188.281,2022-10-10 13:30:00,427.4207611013201,0.004274207611013201,-8718.906525450286,True,2022-10-10
6913,long,17212.22105,5.809825455384795,2022-10-10 14:50:00,6942.0,17181.131715,2022-10-11 09:20:00,-230.62360987398878,-0.002306236098739888,-8949.530135324274,False,2022-10-10
6969,long,17165.91642,5.825497314171357,2022-10-11 11:35:00,6981.0,17116.18821,2022-10-11 12:35:00,-339.6915537935558,-0.003396915537935558,-9289.22168911783,False,2022-10-11
7038,long,16992.39907,5.884984197231427,2022-10-12 09:20:00,7050.0,17015.198310000003,2022-10-12 10:20:00,84.1731671089097,0.0008417316710890969,-9205.048522008921,True,2022-10-12
7052,long,17039.253754999998,5.868801617597602,2022-10-12 10:30:00,7056.0,16961.90364,2022-10-12 10:50:00,-503.95248003334564,-0.005039524800333457,-9709.001002042267,False,2022-10-12
7065,long,16996.949525,5.883408658295701,2022-10-12 11:35:00,7084.0,17033.846445,2022-10-12 13:10:00,167.07965859243927,0.0016707965859243928,-9541.921343449827,True,2022-10-12
7094,long,17075.30736,5.856409954543858,2022-10-12 14:00:00,7139.0,17064.59337,2022-10-13 09:20:00,-112.74551768888449,-0.0011274551768888448,-9654.666861138712,False,2022-10-12
7181,long,16978.79771,5.889698535079608,2022-10-13 12:50:00,7192.0,16959.853844999998,2022-10-13 13:45:00,-161.57365393925232,-0.0016157365393925233,-9816.240515077965,False,2022-10-13
7197,long,16990.998929999998,5.885469148222707,2022-10-13 14:10:00,7210.0,17012.69856,2022-10-13 15:15:00,77.71250289286436,0.0007771250289286437,-9738.528012185101,True,2022-10-13
7211,long,17020.151845,5.875388240403797,2022-10-13 15:20:00,7216.0,17008.69896,2022-10-13 15:45:00,-117.29014584768991,-0.001172901458476899,-9855.818158032791,False,2022-10-13
7240,long,17321.53198,5.7731614106340725,2022-10-14 09:20:00,7283.0,17283.2715,2022-10-14 12:55:00,-270.8839266883415,-0.002708839266883415,-10126.702084721132,False,2022-10-14
7347,long,17224.772305,5.805591982831149,2022-10-17 10:15:00,7370.0,17240.57577,2022-10-17 12:10:00,41.748469704957714,0.00041748469704957716,-10084.953615016173,True,2022-10-17
7372,long,17280.727899999998,5.7867932750680025,2022-10-17 12:20:00,7393.0,17256.2742,2022-10-17 14:05:00,-191.50850671052004,-0.0019150850671052005,-10276.462121726692,False,2022-10-17
7400,long,17293.479175,5.78252640709587,2022-10-17 14:40:00,7408.0,17303.019525,2022-10-17 15:20:00,5.167325807933075,5.167325807933075e-05,-10271.294795918759,True,2022-10-17
7409,long,17315.13134,5.775295493658092,2022-10-17 15:25:00,7462.0,17488.251,2022-10-18 11:25:00,949.8171922616227,0.009498171922616228,-9321.477603657137,True,2022-10-17
7469,long,17507.65059,5.711788654105187,2022-10-18 12:00:00,7479.0,17495.2503,2022-10-18 12:50:00,-120.82783572962204,-0.0012082783572962203,-9442.305439386759,False,2022-10-18
7481,long,17510.7509,5.710777371631733,2022-10-18 13:00:00,7490.0,17490.200805,2022-10-18 13:45:00,-167.35701751087493,-0.0016735701751087492,-9609.662456897633,False,2022-10-18
7507,long,17505.600384999998,5.712457602178951,2022-10-18 15:10:00,7559.0,17561.043719999998,2022-10-19 11:10:00,266.7177005109039,0.0026671770051090392,-9342.944756386729,True,2022-10-18
7563,long,17569.856809999997,5.691566020224157,2022-10-19 11:30:00,7564.0,17550.84474,2022-10-19 11:35:00,-158.20845158610624,-0.0015820845158610623,-9501.153207972835,False,2022-10-19
7598,long,17538.203645,5.701838228370052,2022-10-19 14:25:00,7604.0,17469.05292,2022-10-19 14:55:00,-444.2862473245226,-0.004442862473245226,-9945.439455297357,False,2022-10-19
7616,long,17503.800205,5.713045100425379,2022-10-19 15:55:00,7638.0,17421.45768,2022-10-20 09:20:00,-520.4265590079044,-0.005204265590079044,-10465.866014305262,False,2022-10-19
7653,long,17440.7439,5.733700384190607,2022-10-20 10:35:00,7672.0,17443.2555,2022-10-20 12:10:00,-35.59923811507835,-0.0003559923811507835,-10501.465252420341,False,2022-10-20
7676,long,17483.698195,5.719613715855497,2022-10-20 12:30:00,7691.0,17452.654560000003,2022-10-20 13:45:00,-227.55760053600133,-0.0022755760053600133,-10729.022852956343,False,2022-10-20
7697,long,17491.54898,5.7170465642774655,2022-10-20 14:20:00,7781.0,17620.73775,2022-10-21 12:40:00,688.5782136717355,0.006885782136717355,-10040.444639284608,True,2022-10-20
7785,long,17648.7647,5.666118943724147,2022-10-21 13:00:00,7792.0,17623.2375,2022-10-21 13:35:00,-194.64015150023758,-0.0019464015150023758,-10235.084790784846,False,2022-10-21
7814,long,17584.7583,5.68674293350964,2022-10-21 15:25:00,7855.0,17711.378685000003,2022-10-25 10:30:00,670.0575796370314,0.006700575796370314,-9565.027211147813,True,2022-10-21
7892,long,17691.769,5.652346014691917,2022-10-25 13:35:00,7910.0,17662.633560000002,2022-10-25 15:05:00,-214.68358817028528,-0.002146835881702853,-9779.710799318098,False,2022-10-25
7942,long,17766.226445,5.6286572902566645,2022-10-27 09:20:00,7959.0,17726.2272,2022-10-27 10:45:00,-275.14204197400716,-0.0027514204197400718,-10054.852841292106,False,2022-10-27
7964,long,17735.373359999998,5.638449102263501,2022-10-27 11:10:00,7968.0,17723.2275,2022-10-27 11:30:00,-118.48381341320069,-0.0011848381341320068,-10173.336654705307,False,2022-10-27
7993,long,17710.7709,5.646281608216162,2022-10-27 13:35:00,7995.0,17703.829439999998,2022-10-27 13:45:00,-89.19343793217847,-0.0008919343793217846,-10262.530092637486,False,2022-10-27
7996,long,17711.771,5.645962789378882,2022-10-27 13:50:00,7998.0,17699.979825,2022-10-27 14:00:00,-116.57253529306647,-0.0011657253529306646,-10379.102627930552,False,2022-10-27
8001,long,17711.370959999997,5.646090312593172,2022-10-27 14:15:00,8004.0,17681.881635,2022-10-27 14:30:00,-216.49939220738344,-0.0021649939220738344,-10595.602020137934,False,2022-10-27
8012,long,17726.022425,5.641423529903946,2022-10-27 15:10:00,8065.0,17847.2151,2022-10-28 11:05:00,633.6992083970133,0.006336992083970133,-9961.902811740922,True,2022-10-27
8066,long,17838.7837,5.605763357061165,2022-10-28 11:10:00,8067.0,17831.616660000003,2022-10-28 11:15:00,-90.17673021057277,-0.0009017673021057277,-10052.079541951494,False,2022-10-28
8107,long,17810.230845000002,5.6147503572686,2022-10-28 14:35:00,8189.0,18004.1994,2022-10-31 12:50:00,1039.0850134851212,0.010390850134851212,-9012.994528466374,True,2022-10-28
8193,long,18021.802,5.548834683679246,2022-10-31 13:10:00,8199.0,18014.148405,2022-10-31 13:40:00,-92.46853339083277,-0.0009246853339083277,-9105.463061857206,False,2022-10-31
8210,long,18014.8013,5.550991006489758,2022-10-31 14:35:00,8279.0,18192.1806,2022-11-01 11:45:00,934.6308990374515,0.009346308990374514,-8170.832162819755,True,2022-10-31
8282,long,18205.320349999998,5.492899772016371,2022-11-01 12:00:00,8284.0,18191.28069,2022-11-01 12:10:00,-127.1184452131794,-0.0012711844521317939,-8297.950608032934,False,2022-11-01
8304,long,18181.467965,5.500105942628159,2022-11-01 13:50:00,8352.0,18192.130605000002,2022-11-02 09:20:00,8.645649628117276,8.645649628117276e-05,-8289.304958404817,True,2022-11-01
8401,long,18158.165634999998,5.507164215269039,2022-11-02 13:25:00,8404.0,18128.187,2022-11-02 13:40:00,-215.0972658945891,-0.002150972658945891,-8504.402224299405,False,2022-11-02
8416,long,18146.314449999998,5.510760891724766,2022-11-02 14:40:00,8418.0,18131.1867,2022-11-02 14:50:00,-133.3654130797874,-0.001333654130797874,-8637.767637379193,False,2022-11-02
8421,long,18153.765195,5.508499141959955,2022-11-02 15:05:00,8450.0,18063.743445,2022-11-03 09:20:00,-545.884732632733,-0.005458847326327329,-9183.652370011925,False,2022-11-02
8459,long,18114.11123,5.520557908156337,2022-11-03 10:05:00,8461.0,18129.586860000003,2022-11-03 10:15:00,35.43411158022606,0.00035434111580226056,-9148.2182584317,True,2022-11-03
8462,long,18139.8138,5.512735748147536,2022-11-03 10:20:00,8472.0,18136.48617,2022-11-03 11:15:00,-68.34434485760693,-0.0006834434485760692,-9216.562603289307,False,2022-11-03
8473,long,18146.8145,5.510609038297052,2022-11-03 11:20:00,8477.0,18098.19,2022-11-03 11:40:00,-317.9506091826845,-0.003179506091826845,-9534.513212471991,False,2022-11-03
8501,long,18103.060125,5.523927960770665,2022-11-03 13:40:00,8506.0,18074.042415,2022-11-03 14:05:00,-210.291739626535,-0.00210291739626535,-9744.804952098526,False,2022-11-03
8513,long,18091.959015,5.527317407533935,2022-11-03 14:40:00,8554.0,18126.987119999998,2022-11-04 09:30:00,143.61145451941317,0.0014361145451941316,-9601.193497579114,True,2022-11-03
8555,long,18120.01182,5.5187601969235365,2022-11-04 09:35:00,8556.0,18095.640255000002,2022-11-04 09:40:00,-184.50082285872176,-0.0018450082285872177,-9785.694320437835,False,2022-11-04
8575,long,18103.8102,5.523699094017236,2022-11-04 11:15:00,8609.0,18118.98792,2022-11-04 14:05:00,33.83715821324553,0.0003383715821324553,-9751.857162224589,True,2022-11-04
8612,long,18124.462265000002,5.517405070444996,2022-11-04 14:20:00,8614.0,18142.735545,2022-11-04 14:30:00,50.821087725647956,0.0005082108772564795,-9701.036074498941,True,2022-11-04
8615,long,18141.31395,5.512279886430167,2022-11-04 14:35:00,8659.0,18212.028615,2022-11-07 09:50:00,339.7990255551446,0.0033979902555514464,-9361.237048943796,True,2022-11-04
8679,long,18202.870104999998,5.4936391581749415,2022-11-07 11:30:00,8693.0,18182.38158,2022-11-07 12:40:00,-162.5565632332299,-0.001625565632332299,-9523.793612177025,False,2022-11-07
8710,long,18205.170335,5.492945034836995,2022-11-07 14:05:00,8767.0,18284.57136,2022-11-09 10:15:00,386.1454660347338,0.003861454660347338,-9137.648146142292,True,2022-11-07
8798,long,18267.376555,5.474239812099828,2022-11-09 12:50:00,8806.0,18250.774739999997,2022-11-09 13:30:00,-140.882316626126,-0.00140882316626126,-9278.530462768418,False,2022-11-09
8808,long,18275.477365000002,5.47181329399983,2022-11-09 13:40:00,8819.0,18264.1734,2022-11-09 14:35:00,-111.85318596192405,-0.0011185318596192405,-9390.383648730342,False,2022-11-09
8887,long,18122.8121,5.5179074554329235,2022-11-10 11:40:00,8893.0,18085.39128,2022-11-10 12:10:00,-256.48462166640996,-0.0025648462166641,-9646.868270396752,False,2022-11-10
8914,long,18066.356454999997,5.5351503912303395,2022-11-10 13:55:00,8920.0,18036.296189999997,2022-11-10 14:25:00,-216.38808757523807,-0.0021638808757523807,-9863.25635797199,False,2022-11-10
8928,long,18084.00822,5.52974754177589,2022-11-10 15:05:00,9008.0,18391.1607,2022-11-11 13:10:00,1648.475671230372,0.01648475671230372,-8214.780686741618,True,2022-11-10
9009,long,18386.488465000002,5.438776424892505,2022-11-11 13:15:00,9017.0,18384.66135,2022-11-11 13:55:00,-59.93726998758752,-0.0005993726998758752,-8274.717956729206,False,2022-11-11
9019,long,18400.63988,5.434593614795531,2022-11-11 14:05:00,9064.0,18437.956019999998,2022-11-14 09:20:00,152.79805617281065,0.0015279805617281065,-8121.919900556395,True,2022-11-11
9066,long,18445.34435,5.421422235470492,2022-11-14 09:30:00,9068.0,18435.606255000002,2022-11-14 09:40:00,-102.79432476410761,-0.0010279432476410762,-8224.714225320502,False,2022-11-14
9069,long,18439.293745,5.423201201896141,2022-11-14 09:45:00,9071.0,18411.25869,2022-11-14 09:55:00,-202.03974397122596,-0.0020203974397122594,-8426.753969291727,False,2022-11-14
9100,long,18399.8398,5.434829927160561,2022-11-14 12:20:00,9105.0,18396.66015,2022-11-14 12:45:00,-67.28085697790617,-0.0006728085697790617,-8494.034826269633,False,2022-11-14
9110,long,18411.590975,5.43136115373104,2022-11-14 13:10:00,9129.0,18408.159,2022-11-14 14:45:00,-68.64029569557343,-0.0006864029569557343,-8562.675121965207,False,2022-11-14
9166,long,18423.942209999997,5.427720021056233,2022-11-15 09:20:00,9173.0,18346.36518,2022-11-15 09:55:00,-471.06639890506233,-0.004710663989050623,-9033.74152087027,False,2022-11-15
9194,long,18371.33695,5.443261983173195,2022-11-15 11:40:00,9202.0,18350.56476,2022-11-15 12:20:00,-163.06847213424868,-0.0016306847213424867,-9196.80999300452,False,2022-11-15
9204,long,18387.088525,5.438598931203003,2022-11-15 12:30:00,9224.0,18383.96142,2022-11-15 14:10:00,-67.00706991075725,-0.0006700706991075725,-9263.817062915276,False,2022-11-15
9228,long,18402.890105,5.433929096431998,2022-11-15 14:30:00,9269.0,18437.006115,2022-11-16 09:20:00,135.38397939317346,0.0013538397939317347,-9128.433083522103,True,2022-11-15
9284,long,18439.14373,5.423245323333678,2022-11-16 10:35:00,9301.0,18453.104505,2022-11-16 12:00:00,25.712707728861332,0.00025712707728861334,-9102.720375793242,True,2022-11-16
9308,long,18472.44706,5.413467943645578,2022-11-16 12:35:00,9312.0,18460.903725,2022-11-16 12:55:00,-112.4894739852538,-0.001124894739852538,-9215.209849778495,False,2022-11-16
9313,long,18467.546570000002,5.4149044444510634,2022-11-16 13:00:00,9328.0,18436.1562,2022-11-16 14:15:00,-219.97585402596866,-0.0021997585402596864,-9435.185703804464,False,2022-11-16
9340,long,18457.295545,5.417911836335609,2022-11-16 15:15:00,9371.0,18416.35818,2022-11-17 09:20:00,-271.7950343818997,-0.002717950343818997,-9706.980738186363,False,2022-11-16
9391,long,18423.942209999997,5.427720021056233,2022-11-17 11:00:00,9393.0,18412.708544999998,2022-11-17 11:10:00,-110.97318843033729,-0.0011097318843033728,-9817.9539266167,False,2022-11-17
9402,long,18425.742390000003,5.427189737238043,2022-11-17 11:55:00,9434.0,18447.1551,2022-11-17 14:35:00,66.21083995843748,0.0006621083995843747,-9751.743086658262,True,2022-11-17
9438,long,18446.494465,5.4210842168271025,2022-11-17 14:55:00,9439.0,18432.206595,2022-11-17 15:00:00,-127.45574654907806,-0.0012745574654907806,-9879.19883320734,False,2022-11-17
9474,long,18378.8377,5.441040485383905,2022-11-18 09:20:00,9479.0,18354.414375,2022-11-18 09:45:00,-182.8883001126875,-0.001828883001126875,-10062.087133320027,False,2022-11-18
9514,long,18294.32925,5.466174716408365,2022-11-18 12:40:00,9515.0,18298.170000000002,2022-11-18 12:45:00,-29.005789457938025,-0.0002900578945793803,-10091.092922777965,False,2022-11-18
9517,long,18310.080825,5.461472341698415,2022-11-18 12:55:00,9527.0,18271.222695,2022-11-18 13:45:00,-262.22260224512434,-0.002622226022451243,-10353.31552502309,False,2022-11-18
9537,long,18312.8311,5.460652121670035,2022-11-18 14:35:00,9575.0,18242.97552,2022-11-21 09:20:00,-431.45702113748797,-0.00431457021137488,-10784.772546160579,False,2022-11-18
9602,long,18207.8206,5.492145501477536,2022-11-21 11:35:00,9604.0,18195.28029,2022-11-21 11:45:00,-118.8732071536355,-0.001188732071536355,-10903.645753314215,False,2022-11-21
9628,long,18189.668784999998,5.497626217496847,2022-11-21 13:45:00,9635.0,18177.282089999997,2022-11-21 14:20:00,-118.09741918014291,-0.0011809741918014291,-11021.743172494358,False,2022-11-21
9642,long,18198.91971,5.494831648993522,2022-11-21 14:55:00,9644.0,18191.98062,2022-11-21 15:05:00,-88.12913134721364,-0.0008812913134721365,-11109.872303841572,False,2022-11-21
9645,long,18197.8196,5.495163827209278,2022-11-21 15:10:00,9679.0,18175.582260000003,2022-11-22 09:25:00,-172.1978263813322,-0.001721978263813322,-11282.070130222904,False,2022-11-21
9683,long,18218.8217,5.488829170549487,2022-11-22 09:45:00,9720.0,18231.77664,2022-11-22 12:50:00,21.107452574716305,0.00021107452574716304,-11260.962677648187,True,2022-11-22
9729,long,18240.62388,5.482268625123364,2022-11-22 13:35:00,9730.0,18237.376080000002,2022-11-22 13:40:00,-67.80531204066124,-0.0006780531204066124,-11328.76798968885,False,2022-11-22
9732,long,18246.8245,5.480405645376816,2022-11-22 13:50:00,9734.0,18250.074810000002,2022-11-22 14:00:00,-32.18698272675839,-0.0003218698272675839,-11360.954972415608,False,2022-11-22
9735,long,18250.574875,5.47927945749161,2022-11-22 14:05:00,9742.0,18239.175900000002,2022-11-22 14:40:00,-112.45816955394085,-0.0011245816955394086,-11473.413141969548,False,2022-11-22
9745,long,18254.275245,5.478168738985725,2022-11-22 14:55:00,9790.0,18303.26949,2022-11-23 10:05:00,218.39874134919694,0.0021839874134919695,-11255.01440062035,True,2022-11-22
9809,long,18302.43006,5.463755341349465,2022-11-23 11:40:00,9819.0,18290.520764999997,2022-11-23 12:30:00,-115.06947416796355,-0.0011506947416796355,-11370.083874788314,False,2022-11-23
9826,long,18304.980315,5.462994129420346,2022-11-23 13:05:00,9852.0,18287.921025,2022-11-23 15:15:00,-143.19480112208498,-0.0014319480112208497,-11513.278675910398,False,2022-11-23
9884,long,18303.880204999998,5.463322469335403,2022-11-24 09:20:00,9935.0,18367.313085,2022-11-24 13:35:00,296.5542785986778,0.002965542785986778,-11216.72439731172,True,2022-11-24
9938,long,18381.838,5.44015239390098,2022-11-24 13:50:00,10011.0,18605.03931,2022-11-25 11:20:00,1164.2491409183367,0.011642491409183367,-10052.475256393383,True,2022-11-24
10014,long,18616.8615,5.3714746709589045,2022-11-25 11:35:00,10017.0,18591.94062,2022-11-25 11:50:00,-183.8618756979948,-0.001838618756979948,-10236.337132091377,False,2022-11-25
10025,long,18617.8616,5.3711861302052,2022-11-25 12:30:00,10048.0,18618.43797,2022-11-25 14:25:00,-46.90420945013975,-0.0004690420945013975,-10283.241341541518,False,2022-11-25
10051,long,18652.76509,5.3611354411797825,2022-11-25 14:40:00,10089.0,18623.987415,2022-11-28 09:20:00,-204.28101335725972,-0.0020428101335725974,-10487.522354898778,False,2022-11-25
10093,long,18663.916204999998,5.357932327900741,2022-11-28 09:40:00,10147.0,18700.32978,2022-11-28 14:10:00,145.1014706669506,0.001451014706669506,-10342.420884231828,True,2022-11-28
10156,long,18730.17283,5.338979031727386,2022-11-28 14:55:00,10158.0,18706.22919,2022-11-28 15:05:00,-177.83459190323617,-0.0017783459190323617,-10520.255476135064,False,2022-11-28
10191,long,18725.8724,5.34020513778573,2022-11-29 09:20:00,10238.0,18777.42207,2022-11-29 13:15:00,225.28581258516067,0.002252858125851607,-10294.969663549904,True,2022-11-29
10239,long,18783.37815,5.323855975289514,2022-11-29 13:20:00,10251.0,18781.1217,2022-11-29 14:20:00,-62.01301481544611,-0.0006201301481544611,-10356.98267836535,False,2022-11-29
10252,long,18765.126325,5.329034202491573,2022-11-29 14:25:00,10253.0,18762.1236,2022-11-29 14:30:00,-66.0016242256877,-0.000660016242256877,-10422.984302591038,False,2022-11-29
10294,long,18779.477759999998,5.324961709691335,2022-11-30 09:20:00,10302.0,18729.276885000003,2022-11-30 10:00:00,-317.31773716797437,-0.0031731773716797435,-10740.302039759012,False,2022-11-30
10314,long,18750.274840000002,5.3332551577681295,2022-11-30 11:00:00,10413.0,18942.655544999998,2022-12-01 10:45:00,976.0153871962973,0.009760153871962973,-9764.286652562714,True,2022-11-30
10414,long,18950.044815,5.277032375187024,2022-12-01 10:50:00,10428.0,18943.1055,2022-12-01 12:00:00,-86.61898991661896,-0.0008661898991661896,-9850.905642479333,False,2022-12-01
10432,long,18969.8968,5.271509964144877,2022-12-01 12:20:00,10446.0,18928.107,2022-12-01 13:30:00,-270.29534709961445,-0.0027029534709961446,-10121.200989578947,False,2022-12-01
10458,long,18964.546265,5.272997234031108,2022-12-01 14:30:00,10469.0,18942.70554,2022-12-01 15:25:00,-165.16608251424378,-0.0016516608251424378,-10286.367072093191,False,2022-12-01
10544,long,18796.829495,5.3200461294071015,2022-12-02 13:05:00,10550.0,18784.971315,2022-12-02 13:35:00,-113.08606461082815,-0.0011308606461082815,-10399.45313670402,False,2022-12-02
10552,long,18801.88,5.318617074462766,2022-12-02 13:45:00,10567.0,18812.61855,2022-12-02 15:00:00,7.114235384962633,7.114235384962633e-05,-10392.338901319057,True,2022-12-02
10570,long,18813.931205,5.315210250871117,2022-12-02 15:15:00,10604.0,18797.1201,2022-12-05 09:20:00,-139.3545576244743,-0.001393545576244743,-10531.693458943531,False,2022-12-02
10628,long,18771.877,5.327117794347363,2022-12-05 11:20:00,10653.0,18795.370275,2022-12-05 13:25:00,75.1514432999999,0.0007515144329999989,-10456.542015643532,True,2022-12-05
10667,long,18806.330445,5.317358444405447,2022-12-05 14:35:00,10703.0,18727.877025,2022-12-06 09:20:00,-467.1649553294766,-0.004671649553294766,-10923.70697097301,False,2022-12-05
10720,long,18750.124825,5.333297827791928,2022-12-06 10:45:00,10725.0,18713.1285,2022-12-06 11:10:00,-247.31241975878459,-0.002473124197587846,-11171.019390731793,False,2022-12-06
10750,long,18740.423854999997,5.33605860645034,2022-12-06 13:15:00,10761.0,18728.02701,2022-12-06 14:10:00,-116.15029145505774,-0.0011615029145505774,-11287.169682186852,False,2022-12-06
10762,long,18748.27464,5.333824147564333,2022-12-06 14:15:00,10805.0,18735.076305000002,2022-12-07 09:20:00,-120.39759793062917,-0.0012039759793062918,-11407.56728011748,False,2022-12-06
10817,long,18760.8759,5.330241537390053,2022-12-07 10:20:00,10823.0,18718.128,2022-12-07 10:50:00,-277.85663221618813,-0.0027785663221618815,-11685.423912333668,False,2022-12-07
10842,long,18690.118825,5.350420772405121,2022-12-07 12:25:00,10843.0,18684.281385000002,2022-12-07 12:30:00,-81.23276023366498,-0.0008123276023366498,-11766.656672567333,False,2022-12-07
10851,long,18700.519865000002,5.347444922489057,2022-12-07 13:10:00,10859.0,18686.1312,2022-12-07 13:50:00,-126.94259359565788,-0.0012694259359565788,-11893.599266162992,False,2022-12-07
10869,long,18697.36955,5.348345912112541,2022-12-07 14:40:00,10877.0,18655.1343,2022-12-07 15:20:00,-275.88872668453996,-0.0027588872668453997,-12169.487992847531,False,2022-12-07
10912,long,18696.619475,5.348560478203774,2022-12-08 09:50:00,10924.0,18684.1314,2022-12-08 10:50:00,-116.79322439385058,-0.001167932243938506,-12286.281217241381,False,2022-12-08
10953,long,18696.469459999997,5.34860339348796,2022-12-08 13:15:00,10962.0,18693.1305,2022-12-08 14:00:00,-67.8587727867062,-0.000678587727867062,-12354.139990028089,False,2022-12-08
10963,long,18694.8693,5.349061199374098,2022-12-08 14:05:00,11017.0,18736.82613,2022-12-09 10:00:00,174.4296514017502,0.001744296514017502,-12179.710338626339,True,2022-12-08
11019,long,18734.37325,5.337781983178967,2022-12-09 10:10:00,11020.0,18719.177895,2022-12-09 10:15:00,-131.10949214700756,-0.0013110949214700757,-12310.819830773346,False,2022-12-09
11045,long,18676.117425,5.354431958440099,2022-12-09 12:20:00,11047.0,18664.63335,2022-12-09 12:30:00,-111.4906981931246,-0.001114906981931246,-12422.31052896647,False,2022-12-09
11079,long,18595.459359999997,5.377656881932494,2022-12-09 15:10:00,11111.0,18491.050710000003,2022-12-12 09:20:00,-611.4738952057485,-0.006114738952057485,-13033.78442417222,False,2022-12-09
11118,long,18591.308945,5.378857416432439,2022-12-12 09:55:00,11141.0,18596.690145,2022-12-12 11:50:00,-21.055292470694795,-0.00021055292470694795,-13054.839716642915,False,2022-12-12
11149,long,18617.911604999998,5.371171703981243,2022-12-12 12:30:00,11152.0,18607.73904,2022-12-12 12:45:00,-104.6385932848945,-0.001046385932848945,-13159.47830992781,False,2022-12-12
11153,long,18595.35935,5.3776858041735025,2022-12-12 12:50:00,11154.0,18600.63975,2022-12-12 12:55:00,-21.603667879644146,-0.00021603667879644146,-13181.081977807455,False,2022-12-12
11180,long,18605.06032,5.374881794524598,2022-12-12 15:05:00,11220.0,18613.188495,2022-12-13 09:45:00,-6.312020169800725,-6.312020169800725e-05,-13187.393997977255,False,2022-12-12
11221,long,18616.011415,5.371719954975113,2022-12-13 09:50:00,11223.0,18591.690645,2022-12-13 10:00:00,-180.64436552937127,-0.0018064436552937128,-13368.038363506626,False,2022-12-13
11227,long,18619.8618,5.370609141685467,2022-12-13 10:20:00,11271.0,18691.430669999998,2022-12-13 14:00:00,334.3684274820942,0.003343684274820942,-13033.669936024533,True,2022-12-13
11282,long,18686.8685,5.351351404864865,2022-12-13 14:55:00,11357.0,18771.172695,2022-12-14 12:35:00,401.1413723492549,0.004011413723492549,-12632.528563675278,True,2022-12-13
11386,long,18771.726984999998,5.327160366220296,2022-12-14 15:00:00,11392.0,18735.826230000002,2022-12-14 15:30:00,-241.2490791533591,-0.002412490791533591,-12873.777642828636,False,2022-12-14
11525,long,18487.198535,5.409148379657405,2022-12-16 09:35:00,11528.0,18434.106405000002,2022-12-16 09:50:00,-337.1832089620455,-0.003371832089620455,-13210.960851790682,False,2022-12-16
11549,long,18386.838499999998,5.43867288549905,2022-12-16 11:35:00,11555.0,18375.46227,2022-12-16 12:05:00,-111.87159364019016,-0.0011187159364019015,-13322.832445430871,False,2022-12-16
11557,long,18396.53947,5.435804932937206,2022-12-16 12:15:00,11575.0,18400.1598,2022-12-16 13:45:00,-30.32059232713097,-0.0003032059232713097,-13353.153037758002,False,2022-12-16
11625,long,18350.434859999998,5.449462138795331,2022-12-19 09:20:00,11668.0,18426.107205,2022-12-19 12:55:00,362.3735790313728,0.003623735790313728,-12990.779458726629,True,2022-12-19
11678,long,18455.595375,5.418410946279212,2022-12-19 13:45:00,11728.0,18376.96212,2022-12-20 09:20:00,-476.06728963356807,-0.004760672896335681,-13466.846748360196,False,2022-12-19
11763,long,18287.128529999998,5.468327071467245,2022-12-20 12:15:00,11780.0,18296.07021,2022-12-20 13:40:00,-1.1039691915833885,-1.1039691915833885e-05,-13467.95071755178,False,2022-12-20
11781,long,18319.8318,5.458565400147396,2022-12-20 13:45:00,11839.0,18416.95812,2022-12-21 10:00:00,480.1703697956408,0.004801703697956408,-12987.78034775614,True,2022-12-20
11858,long,18419.8418,5.4289282766804225,2022-12-21 11:35:00,11865.0,18403.1595,2022-12-21 12:10:00,-140.56701019004822,-0.0014056701019004821,-13128.347357946188,False,2022-12-21
11896,long,18337.833599999998,5.453206860814792,2022-12-21 14:45:00,11900.0,18280.321785,2022-12-21 15:05:00,-363.6238241359003,-0.003636238241359003,-13491.971182082088,False,2022-12-21
11934,long,18317.281545,5.4593253782953735,2022-12-22 09:20:00,11938.0,18242.125605,2022-12-22 09:40:00,-460.3007305716474,-0.004603007305716474,-13952.271912653736,False,2022-12-22
11941,long,18312.581075,5.460726676946604,2022-12-22 09:55:00,11944.0,18215.028315,2022-12-22 10:15:00,-582.7089589417623,-0.005827089589417623,-14534.980871595499,False,2022-12-22
11980,long,18155.915409999998,5.507846767391389,2022-12-22 13:15:00,11998.0,18153.1845,2022-12-22 14:50:00,-65.04143381552802,-0.0006504143381552802,-14600.022305411027,False,2022-12-22
12075,long,17968.196640000002,5.565388781275047,2022-12-23 12:40:00,12076.0,17971.70265,2022-12-23 12:45:00,-30.487691278976722,-0.0003048769127897672,-14630.509996690003,False,2022-12-23
12077,long,17967.7966,5.565512690632305,2022-12-23 12:50:00,12078.0,17948.155005,2022-12-23 12:55:00,-159.31554623676539,-0.0015931554623676539,-14789.825542926768,False,2022-12-23
12133,long,17894.089229999998,5.588437540165324,2022-12-26 09:20:00,12172.0,17988.201,2022-12-26 12:35:00,475.9377484394224,0.004759377484394224,-14313.887794487346,True,2022-12-26
12179,long,18012.551075,5.5516844662160105,2022-12-26 13:10:00,12183.0,18000.449775,2022-12-26 13:30:00,-117.18259923101118,-0.0011718259923101117,-14431.070393718357,False,2022-12-26
12184,long,18019.10173,5.549666209692908,2022-12-26 13:35:00,12205.0,18012.09861,2022-12-26 15:20:00,-88.86497842641117,-0.0008886497842641117,-14519.935372144768,False,2022-12-26
12237,long,18124.412259999997,5.517420292888439,2022-12-27 09:20:00,12243.0,17974.552365,2022-12-27 09:50:00,-876.8400257631185,-0.008768400257631186,-15396.775397907886,False,2022-12-27
12252,long,18045.50437,5.541546412315657,2022-12-27 10:35:00,12279.0,18026.547165,2022-12-27 12:50:00,-155.05223135527575,-0.0015505223135527575,-15551.827629263162,False,2022-12-27
12284,long,18063.30615,5.536085098131385,2022-12-27 13:15:00,12340.0,18095.240295,2022-12-28 09:20:00,126.79014425606277,0.0012679014425606278,-15425.037485007098,True,2022-12-27
12350,long,18137.763595,5.5133588811118255,2022-12-28 10:10:00,12354.0,18101.1897,2022-12-28 10:30:00,-251.64500881510887,-0.002516450088151089,-15676.682493822207,False,2022-12-28
12360,long,18132.263045,5.515031397450147,2022-12-28 11:00:00,12387.0,18127.637055,2022-12-28 13:15:00,-75.51248009429293,-0.0007551248009429293,-15752.1949739165,False,2022-12-28
12393,long,18139.963815000003,5.512690158582876,2022-12-28 13:45:00,12408.0,18112.138605,2022-12-28 15:00:00,-203.3917613275167,-0.002033917613275167,-15955.586735244016,False,2022-12-28
12465,long,18035.8034,5.544527059992237,2022-12-29 11:50:00,12474.0,18019.1979,2022-12-29 12:35:00,-142.06964409470933,-0.0014206964409470932,-16097.656379338725,False,2022-12-29
12475,long,18023.852205,5.548203506254839,2022-12-29 12:40:00,12476.0,18014.348385,2022-12-29 12:45:00,-102.72912744680424,-0.0010272912744680423,-16200.38550678553,False,2022-12-29
12480,long,18045.704390000003,5.541484989381453,2022-12-29 13:05:00,14465.0,17933.906430000003,2023-01-27 09:20:00,-669.5267171834674,-0.0066952671718346745,-16869.912223968997,False,2022-12-29
14534,long,17667.7666,5.660024963200499,2023-01-27 15:05:00,14568.0,17583.14151,2023-01-30 09:20:00,-528.9801219130761,-0.0052898012191307615,-17398.892345882072,False,2023-01-27
14570,long,17793.679190000003,5.619973190041535,2023-01-30 09:30:00,14583.0,17694.480375,2023-01-30 10:35:00,-607.4946807839091,-0.006074946807839091,-18006.38702666598,False,2023-01-30
14600,long,17740.523875,5.636812120352337,2023-01-30 12:00:00,14607.0,17650.234800000002,2023-01-30 12:35:00,-558.9425522953841,-0.005589425522953841,-18565.329578961362,False,2023-01-30
14628,long,17647.7646,5.666440043063584,2023-01-30 14:20:00,14673.0,17715.678255000003,2023-01-31 09:30:00,334.82865416282766,0.0033482865416282767,-18230.500924798536,True,2023-01-30
14689,long,17723.822205,5.642123851354669,2023-01-31 10:50:00,14693.0,17668.43298,2023-01-31 11:10:00,-362.5128674805446,-0.0036251286748054464,-18593.013792279082,False,2023-01-31
14697,long,17718.521675,5.643811703608168,2023-01-31 11:30:00,14730.0,17733.2265,2023-01-31 14:15:00,32.99126343451398,0.0003299126343451398,-18560.02252884457,True,2023-01-31
14738,long,17780.827905,5.624035086233517,2023-01-31 14:55:00,14799.0,17874.51237,2023-02-01 11:25:00,476.88471819502774,0.004768847181950277,-18083.13781064954,True,2023-01-31
14804,long,17893.939215000002,5.588484391193903,2023-02-01 11:50:00,14805.0,17896.660155,2023-02-01 11:55:00,-34.794069280629074,-0.0003479406928062907,-18117.93187993017,False,2023-02-01
14806,long,17902.990120000002,5.585659117818917,2023-02-01 12:00:00,14810.0,17883.111510000002,2023-02-01 12:20:00,-161.0351391960649,-0.001610351391960649,-18278.967019126234,False,2023-02-01
14812,long,17966.946515,5.565776016337187,2023-02-01 12:30:00,14824.0,17901.2097,2023-02-01 13:30:00,-415.8763883173958,-0.004158763883173958,-18694.84340744363,False,2023-02-01
14881,long,17706.17044,5.647748638750819,2023-02-02 09:45:00,14891.0,17611.088714999998,2023-02-02 10:35:00,-586.9976829388503,-0.005869976829388503,-19281.84109038248,False,2023-02-02
14897,long,17657.415565000003,5.663342952533608,2023-02-02 11:05:00,14915.0,17648.235,2023-02-02 12:35:00,-101.99268809304023,-0.0010199268809304022,-19383.83377847552,False,2023-02-02
14937,long,17694.819305,5.65137164027118,2023-02-02 14:25:00,14991.0,17688.231,2023-02-03 10:30:00,-87.23296003446319,-0.0008723296003446319,-19471.066738509984,False,2023-02-02
15008,long,17726.7725,5.641184823689705,2023-02-03 11:55:00,15061.0,17866.763145,2023-02-06 07:45:00,739.7131020325426,0.007397131020325426,-18731.35363647744,True,2023-02-03
15107,long,17784.778299999998,5.6227858628971505,2023-02-06 11:35:00,15109.0,17774.972325,2023-02-06 11:45:00,-105.13689760191899,-0.00105136897601919,-18836.49053407936,False,2023-02-06
15113,long,17791.17894,5.620762982444602,2023-02-06 12:05:00,15116.0,17786.921130000002,2023-02-06 12:20:00,-73.93214083427769,-0.0007393214083427769,-18910.422674913636,False,2023-02-06
15117,long,17782.7781,5.623418311675384,2023-02-06 12:25:00,15118.0,17772.622560000003,2023-02-06 12:30:00,-107.10884960092994,-0.0010710884960092994,-19017.531524514565,False,2023-02-06
15121,long,17779.227745,5.624541258723833,2023-02-06 12:45:00,15122.0,17780.52177,2023-02-06 12:50:00,-42.72170299768418,-0.00042721702997684184,-19060.25322751225,False,2023-02-06
15124,long,17795.7794,5.619309935927841,2023-02-06 13:00:00,15128.0,17786.071215,2023-02-06 13:20:00,-104.55330043032284,-0.0010455330043032283,-19164.806527942572,False,2023-02-06
15129,long,17795.129334999998,5.619515212138244,2023-02-06 13:25:00,15145.0,17798.31999,2023-02-06 14:45:00,-32.070065690802956,-0.00032070065690802953,-19196.876593633377,False,2023-02-06
15147,long,17786.828504999998,5.622137750520804,2023-02-06 14:55:00,15148.0,17802.069615,2023-02-06 15:00:00,35.6876198908551,0.00035687619890855104,-19161.188973742523,True,2023-02-06
15151,long,17806.080429999998,5.616059098077432,2023-02-06 15:15:00,15153.0,17805.2193,2023-02-06 15:25:00,-54.83615697111339,-0.0005483615697111339,-19216.025130713635,False,2023-02-06
15183,long,17847.28455,5.603093272808271,2023-02-07 09:20:00,15190.0,17788.62096,2023-02-07 09:55:00,-378.6975664877832,-0.003786975664877832,-19594.722697201418,False,2023-02-07
15198,long,17815.731395,5.613016821081232,2023-02-07 10:35:00,15210.0,17796.12021,2023-02-07 11:35:00,-160.07791128632434,-0.0016007791128632434,-19754.80060848774,False,2023-02-07
15236,long,17770.57688,5.62727933230719,2023-02-07 13:45:00,15256.0,17773.972425,2023-02-07 15:25:00,-30.89231979958435,-0.00030892319799584347,-19785.692928287324,False,2023-02-07
15286,long,17832.683090000002,5.607681104145051,2023-02-08 09:20:00,15305.0,17862.51357,2023-02-08 10:55:00,117.27981902355947,0.0011727981902355947,-19668.413109263765,True,2023-02-08
15308,long,17892.08903,5.5890622851433465,2023-02-08 11:10:00,15323.0,17877.362085,2023-02-08 12:25:00,-132.30981287487214,-0.0013230981287487213,-19800.722922138637,False,2023-02-08
15331,long,17910.7909,5.58322636662572,2023-02-08 13:05:00,15356.0,17904.909330000002,2023-02-08 15:10:00,-82.83813670114219,-0.0008283813670114219,-19883.56105883978,False,2023-02-08
15400,long,17898.839705,5.586954330456696,2023-02-09 10:15:00,15422.0,17900.2098,2023-02-09 12:05:00,-42.345341806601546,-0.00042345341806601547,-19925.90640064638,False,2023-02-09
15441,long,17909.190740000002,5.5837252197359755,2023-02-09 13:40:00,15491.0,17869.81284,2023-02-10 09:20:00,-269.87537333025875,-0.0026987537333025874,-20195.78177397664,False,2023-02-09
15511,long,17882.68809,5.5920004585843,2023-02-10 11:00:00,15523.0,17873.2125,2023-02-10 12:00:00,-102.9875036253467,-0.001029875036253467,-20298.769277601987,False,2023-02-10
15524,long,17862.7861,5.598230838133364,2023-02-10 12:05:00,15525.0,17852.564564999997,2023-02-10 12:10:00,-107.22251245008316,-0.0010722251245008315,-20405.99179005207,False,2023-02-10
15545,long,17871.787,5.595411359815333,2023-02-10 13:50:00,15557.0,17856.2142,2023-02-10 14:50:00,-137.13622202414194,-0.0013713622202414194,-20543.128012076213,False,2023-02-10
15561,long,17884.58828,5.591406323388956,2023-02-10 15:10:00,15567.0,17870.112810000002,2023-02-10 15:40:00,-130.93823449201363,-0.0013093823449201363,-20674.066246568225,False,2023-02-10
15594,long,17894.489270000002,5.588312607929491,2023-02-13 09:20:00,15597.0,17833.71645,2023-02-13 09:35:00,-389.61751622544045,-0.0038961751622544043,-21063.683762793666,False,2023-02-13
15618,long,17803.88021,5.616753135860376,2023-02-13 11:20:00,15621.0,17779.371885,2023-02-13 11:35:00,-187.65721129842896,-0.0018765721129842896,-21251.340974092094,False,2023-02-13
15640,long,17794.07923,5.619846843853803,2023-02-13 13:10:00,15669.0,17798.31999,2023-02-13 15:35:00,-26.167578298455226,-0.00026167578298455225,-21277.50855239055,False,2023-02-13
15697,long,17837.633585,5.606124799204973,2023-02-14 09:20:00,15768.0,17940.70575,2023-02-14 15:15:00,527.8354203142547,0.005278354203142548,-20749.673132076296,True,2023-02-14
15809,long,17937.59358,5.5748838077978125,2023-02-15 10:10:00,15833.0,17935.2063,2023-02-15 12:10:00,-63.30880861667404,-0.0006330880861667404,-20812.98194069297,False,2023-02-15
15841,long,17967.346555,5.56565209525453,2023-02-15 12:50:00,15847.0,17950.2048,2023-02-15 13:20:00,-145.4050446320929,-0.0014540504463209291,-20958.386985325065,False,2023-02-15
15857,long,17959.99582,5.567930026389059,2023-02-15 14:10:00,15931.0,18121.287689999997,2023-02-16 11:45:00,848.0618459854256,0.008480618459854256,-20110.32513933964,True,2023-02-15
15951,long,18119.8118,5.518821117115577,2023-02-16 13:25:00,15959.0,18089.1909,2023-02-16 14:05:00,-218.99126954507372,-0.0021899126954507374,-20329.31640888471,False,2023-02-16
16069,long,17921.49197,5.579892576321033,2023-02-17 14:45:00,16070.0,17911.858635,2023-02-17 14:50:00,-103.7529744517059,-0.001037529744517059,-20433.069383336417,False,2023-02-17
16073,long,17946.69449,5.572056740349626,2023-02-17 15:05:00,16110.0,17921.90763,2023-02-20 09:35:00,-188.11379033510343,-0.0018811379033510343,-20621.18317367152,False,2023-02-17
16113,long,17981.347954999997,5.561318331098388,2023-02-20 09:50:00,16123.0,17968.053014999998,2023-02-20 10:40:00,-123.93739353285191,-0.001239373935328519,-20745.120567204372,False,2023-02-20
16131,long,17977.29755,5.5625713331979645,2023-02-20 11:20:00,16133.0,17942.555565,2023-02-20 11:30:00,-243.25476981939684,-0.0024325476981939685,-20988.37533702377,False,2023-02-20
16182,long,17866.986520000002,5.596914728069095,2023-02-20 15:35:00,16215.0,17863.2135,2023-02-21 09:50:00,-71.1172712073023,-0.000711172712073023,-21059.49260823107,False,2023-02-20
16219,long,17902.69009,5.585752727510908,2023-02-21 10:10:00,16239.0,17876.71215,2023-02-21 11:50:00,-195.10634921011845,-0.0019510634921011845,-21254.59895744119,False,2023-02-21
16260,long,17859.7858,5.599171295772203,2023-02-21 13:35:00,16271.0,17822.31759,2023-02-21 14:30:00,-259.79092593598034,-0.0025979092593598034,-21514.38988337717,False,2023-02-21
16285,long,17854.835305,5.600723741876038,2023-02-21 15:40:00,16311.0,17750.82474,2023-02-22 09:20:00,-632.5344408014437,-0.006325344408014437,-22146.924324178613,False,2023-02-21
16377,long,17601.15994,5.681443742394627,2023-02-22 14:50:00,16381.0,17556.74415,2023-02-22 15:10:00,-302.3458121590295,-0.003023458121590295,-22449.270136337644,False,2023-02-22
16416,long,17596.7595,5.6828645069565225,2023-02-23 10:10:00,16427.0,17554.894335,2023-02-23 11:05:00,-287.9140602563742,-0.0028791406025637425,-22737.18419659402,False,2023-02-23
16431,long,17579.157740000002,5.6885546781605925,2023-02-23 11:25:00,16432.0,17593.34049,2023-02-23 11:30:00,30.67934886166111,0.0003067934886166111,-22706.504847732358,True,2023-02-23
16433,long,17587.25855,5.685934491478776,2023-02-23 11:35:00,16440.0,17549.794845,2023-02-23 12:10:00,-263.0161724380762,-0.0026301617243807618,-22969.521020170436,False,2023-02-23
16453,long,17580.407865,5.6881501707980995,2023-02-23 13:15:00,16459.0,17570.74275,2023-02-23 13:45:00,-104.97662553803207,-0.0010497662553803208,-23074.497645708467,False,2023-02-23
16460,long,17580.7579,5.6880369190454525,2023-02-23 13:50:00,16470.0,17539.64586,2023-02-23 14:40:00,-283.8468013372733,-0.002838468013372733,-23358.34444704574,False,2023-02-23
18877,long,17370.7369,5.756808163964535,2023-03-31 11:45:00,18953.0,17409.158910000002,2023-04-03 09:30:00,171.18814084393878,0.0017118814084393877,-23187.1563062018,True,2023-03-31
18958,long,17442.144040000003,5.733240120633701,2023-04-03 09:55:00,18967.0,17427.2571,2023-04-03 10:40:00,-135.35040168148936,-0.0013535040168148936,-23322.506707883287,False,2023-04-03
18983,long,17423.7422,5.739295201463667,2023-04-03 12:00:00,18999.0,17425.2573,2023-04-03 13:20:00,-41.30439384025936,-0.00041304393840259357,-23363.811101723546,False,2023-04-03
19000,long,17429.792804999997,5.737302853727183,2023-04-03 13:25:00,19001.0,17422.2576,2023-04-03 13:30:00,-93.23175314989922,-0.0009323175314989922,-23457.042854873445,False,2023-04-03
19002,long,17426.94252,5.738241225346051,2023-04-03 13:35:00,19004.0,17420.107815,2023-04-03 13:45:00,-89.21918599408522,-0.0008921918599408522,-23546.262040867532,False,2023-04-03
19009,long,17433.343159999997,5.736134434010649,2023-04-03 14:10:00,19109.0,17590.990725,2023-04-05 13:55:00,854.2876260344489,0.008542876260344489,-22691.974414833083,True,2023-04-03
19114,long,17601.609985,5.681298476969975,2023-04-05 14:20:00,19156.0,17583.44148,2023-04-06 09:20:00,-153.220699785309,-0.00153220699785309,-22845.195114618393,False,2023-04-05
19166,long,17650.26485,5.665637362943027,2023-04-06 10:10:00,19206.0,17675.73225,2023-04-06 13:30:00,94.28905297702298,0.0009428905297702298,-22750.90606164137,True,2023-04-06
19222,long,17654.315254999998,5.664337503641118,2023-04-06 14:50:00,19227.0,17628.93693,2023-04-06 15:15:00,-193.75139807708084,-0.0019375139807708084,-22944.65745971845,False,2023-04-06
19231,long,17656.365459999997,5.6636797775027485,2023-04-06 15:35:00,19274.0,17675.83224,2023-04-10 10:35:00,60.253608219108955,0.0006025360821910895,-22884.403851499344,True,2023-04-06
19277,long,17676.767499999998,5.657142913714287,2023-04-10 10:50:00,19278.0,17676.2322,2023-04-10 10:55:00,-53.028268601708724,-0.0005302826860170873,-22937.432120101053,False,2023-04-10
19280,long,17687.718595000002,5.653640375546691,2023-04-10 11:05:00,19309.0,17725.92723,2023-04-10 13:30:00,166.01788153052107,0.0016601788153052107,-22771.41423857053,True,2023-04-10
19362,long,17739.123734999997,5.637257031061575,2023-04-11 09:20:00,19387.0,17762.173605,2023-04-11 11:25:00,79.93804172256966,0.0007993804172256966,-22691.47619684796,True,2023-04-11
19413,long,17758.7757,5.631018809477953,2023-04-11 13:35:00,19466.0,17808.618960000003,2023-04-12 09:25:00,230.66833458572881,0.002306683345857288,-22460.807862262234,True,2023-04-11
19467,long,17819.631784999998,5.611788234826313,2023-04-12 09:30:00,19479.0,17794.220400000002,2023-04-12 10:30:00,-192.60331137361823,-0.0019260331137361823,-22653.411173635854,False,2023-04-12
19485,long,17816.931515,5.612638737248915,2023-04-12 11:00:00,19500.0,17809.368885,2023-04-12 12:15:00,-92.44631009348274,-0.0009244631009348274,-22745.857483729338,False,2023-04-12
19502,long,17826.28245,5.609694577682404,2023-04-12 12:25:00,19530.0,17854.2144,2023-04-12 14:45:00,106.68970845910704,0.0010668970845910703,-22639.16777527023,True,2023-04-12
19537,long,17866.7865,5.5969773859445855,2023-04-12 15:20:00,19568.0,17837.966025,2023-04-13 09:20:00,-211.30754682716338,-0.002113075468271634,-22850.475322097394,False,2023-04-12
19572,long,17874.88731,5.594440863638654,2023-04-13 09:40:00,19576.0,17842.81554,2023-04-13 10:00:00,-229.42362065721272,-0.0022942362065721273,-23079.898942754608,False,2023-04-13
19601,long,17804.18024,5.616658484243698,2023-04-13 12:05:00,19602.0,17801.2197,2023-04-13 12:10:00,-66.62834210894304,-0.0006662834210894304,-23146.52728486355,False,2023-04-13
19612,long,17827.68259,5.609254006804706,2023-04-13 13:00:00,19671.0,17719.72785,2023-04-17 09:20:00,-655.5455578985661,-0.0065554555789856615,-23802.072842762118,False,2023-04-13
19690,long,17721.772,5.642776580129797,2023-04-17 10:55:00,19718.0,17735.326289999997,2023-04-17 13:15:00,26.48383017226719,0.0002648383017226719,-23775.58901258985,True,2023-04-17
19728,long,17743.37416,5.635906626228751,2023-04-17 14:05:00,19748.0,17751.2247,2023-04-17 15:45:00,-5.75508959452921,-5.75508959452921e-05,-23781.34410218438,False,2023-04-17
19772,long,17772.327054999998,5.626725171696994,2023-04-18 09:20:00,19778.0,17723.2275,2023-04-18 09:50:00,-326.2697020376044,-0.0032626970203760443,-24107.613804221983,False,2023-04-18
19791,long,17726.37246,5.641312131156698,2023-04-18 10:55:00,19795.0,17720.677755,2023-04-18 11:15:00,-82.1256083998478,-0.000821256083998478,-24189.73941262183,False,2023-04-18
19797,long,17723.97222,5.642076096641501,2023-04-18 11:25:00,19802.0,17700.2298,2023-04-18 11:50:00,-183.95654035841562,-0.0018395654035841561,-24373.695952980248,False,2023-04-18
19807,long,17729.27275,5.640389282183049,2023-04-18 12:15:00,19822.0,17703.579465,2023-04-18 13:30:00,-194.92012933808127,-0.0019492012933808127,-24568.61608231833,False,2023-04-18
19839,long,17708.7707,5.646919353922178,2023-04-18 14:55:00,19874.0,17681.2317,2023-04-19 09:20:00,-205.51051208766665,-0.0020551051208766665,-24774.126594405996,False,2023-04-18
19895,long,17686.868509999997,5.653912106796118,2023-04-19 11:05:00,19901.0,17676.83214,2023-04-19 11:35:00,-106.74475385127397,-0.0010674475385127396,-24880.87134825727,False,2023-04-19
19903,long,17686.7685,5.653944076895676,2023-04-19 11:45:00,19920.0,17674.2324,2023-04-19 13:10:00,-120.87840834235793,-0.0012087840834235793,-25001.749756599627,False,2023-04-19
19945,long,17660.26585,5.662428915247615,2023-04-19 15:15:00,19949.0,17643.03552,2023-04-19 15:35:00,-147.56551881124994,-0.0014756551881124995,-25149.315275410878,False,2023-04-19
19977,long,17692.819105,5.652010536395523,2023-04-20 09:20:00,19989.0,17672.932530000002,2023-04-20 10:20:00,-162.39913143280177,-0.0016239913143280176,-25311.71440684368,False,2023-04-20
20005,long,17661.766,5.661947961489242,2023-04-20 11:40:00,20013.0,17645.385285,2023-04-20 12:20:00,-142.74675590198245,-0.0014274675590198245,-25454.46116274566,False,2023-04-20
20038,long,17640.46387,5.6687851712371105,2023-04-20 14:25:00,20087.0,17638.685955,2023-04-21 09:55:00,-60.078618187712976,-0.0006007861818771297,-25514.539780933374,False,2023-04-20
20111,long,17631.813005,5.67156650150737,2023-04-21 11:55:00,20112.0,17634.03642,2023-04-21 12:00:00,-37.3897539670488,-0.000373897539670488,-25551.92953490042,False,2023-04-21
20132,long,17626.662490000002,5.673223734597076,2023-04-21 13:40:00,20192.0,17648.235,2023-04-24 10:05:00,72.38567574682224,0.0007238567574682224,-25479.543859153597,True,2023-04-21
20201,long,17658.36566,5.663038240652221,2023-04-24 10:50:00,20203.0,17661.33369,2023-04-24 11:00:00,-33.19193261059699,-0.00033191932610596994,-25512.735791764193,False,2023-04-24
20204,long,17665.716395,5.660681840692485,2023-04-24 11:05:00,20211.0,17644.085414999998,2023-04-24 11:40:00,-172.4460956823921,-0.001724460956823921,-25685.181887446586,False,2023-04-24
20219,long,17655.86541,5.663840184427414,2023-04-24 12:20:00,20286.0,17738.675955000002,2023-04-25 09:20:00,419.0256924653568,0.004190256924653568,-25266.156194981228,True,2023-04-24
20298,long,17772.427065,5.626693508673009,2023-04-25 10:20:00,20323.0,17778.32199,2023-04-25 12:25:00,-16.831063768382883,-0.00016831063768382883,-25282.98725874961,False,2023-04-25
20334,long,17790.428865,5.620999963454225,2023-04-25 13:20:00,20342.0,17766.473175,2023-04-25 14:00:00,-184.65493261453483,-0.0018465493261453482,-25467.642191364146,False,2023-04-25
20345,long,17805.930415000003,5.616106413386766,2023-04-25 14:15:00,20356.0,17781.321689999997,2023-04-25 15:10:00,-188.20521829780216,-0.0018820521829780216,-25655.847409661947,False,2023-04-25
20401,long,17764.826305,5.62910091453326,2023-04-26 10:20:00,20437.0,17783.971425,2023-04-26 13:20:00,57.76981250085488,0.0005776981250085488,-25598.077597161093,True,2023-04-26
20444,long,17792.829105,5.620241694554284,2023-04-26 13:55:00,20453.0,17784.52137,2023-04-26 14:40:00,-96.69147863431996,-0.0009669147863431997,-25694.76907579541,False,2023-04-26
20459,long,17821.431965,5.611221376396283,2023-04-26 15:10:00,20492.0,17810.268795,2023-04-27 09:20:00,-112.63901813234462,-0.0011263901813234462,-25807.408093927756,False,2023-04-26
20497,long,17833.68319,5.607366629461808,2023-04-27 09:45:00,20516.0,17836.91613,2023-04-27 11:20:00,-31.871720128938264,-0.00031871720128938267,-25839.279814056696,False,2023-04-27
20517,long,17847.834605,5.602920590265073,2023-04-27 11:25:00,20538.0,17839.565865,2023-04-27 13:10:00,-96.32909360154576,-0.0009632909360154576,-25935.608907658243,False,2023-04-27
20540,long,17864.736295,5.597619710064688,2023-04-27 13:20:00,20651.0,18045.29529,2023-04-28 14:00:00,960.7005892414682,0.009607005892414682,-24974.908318416776,True,2023-04-27
20652,long,18055.60538,5.538446255076494,2023-04-28 14:05:00,20656.0,18036.69615,2023-04-28 14:25:00,-154.72775407988627,-0.0015472775407988626,-25129.63607249666,False,2023-04-28
20660,long,18066.556475,5.535089110001523,2023-04-28 14:45:00,20722.0,18211.77864,2023-05-02 11:20:00,753.8176240223399,0.007538176240223399,-24375.81844847432,True,2023-04-28
20726,long,18220.12183,5.488437505140436,2023-05-02 11:40:00,20737.0,18228.177,2023-05-02 12:35:00,-5.789702861719917,-5.789702861719917e-05,-24381.60815133604,False,2023-05-02
20738,long,18231.92301,5.484884943028289,2023-05-02 12:40:00,20751.0,18225.1773,2023-05-02 13:45:00,-86.99944320903117,-0.0008699944320903117,-24468.607594545072,False,2023-05-02
20753,long,18232.073025,5.484839812942774,2023-05-02 13:55:00,20759.0,18221.977619999998,2023-05-02 14:25:00,-105.37167927180164,-0.0010537167927180163,-24573.979273816873,False,2023-05-02
20761,long,18236.8235,5.483411077592542,2023-05-02 14:35:00,20764.0,18218.178,2023-05-02 14:50:00,-152.24094124724473,-0.0015224094124724474,-24726.220215064117,False,2023-05-02
20817,long,18167.8166,5.50423874270065,2023-05-03 10:40:00,20824.0,18142.48557,2023-05-03 11:15:00,-189.428036718499,-0.0018942803671849898,-24915.648251782615,False,2023-05-03
20844,long,18156.765495,5.507588894483323,2023-05-03 12:55:00,20855.0,18139.78584,2023-05-03 13:50:00,-143.51695931015374,-0.0014351695931015373,-25059.165211092768,False,2023-05-03
20865,long,18157.51557,5.507361379616319,2023-05-03 14:40:00,20881.0,18141.48567,2023-05-03 16:00:00,-138.28245217911913,-0.0013828245217911914,-25197.447663271887,False,2023-05-03
20906,long,18165.916409999998,5.504814496721556,2023-05-04 09:30:00,21006.0,18208.179,2023-05-05 09:20:00,182.64771810101098,0.0018264771810101099,-25014.799945170875,True,2023-05-04
21019,long,18257.42556,5.477223482104122,2023-05-05 10:25:00,21028.0,18196.48017,2023-05-05 11:10:00,-383.81152123399795,-0.0038381152123399794,-25398.611466404873,False,2023-05-05
21046,long,18185.91841,5.498759960619443,2023-05-05 12:40:00,21061.0,18163.1835,2023-05-05 13:55:00,-175.01381281628227,-0.0017501381281628226,-25573.625279221156,False,2023-05-05
21066,long,18189.268745,5.497747127821658,2023-05-05 14:20:00,21069.0,18173.282489999998,2023-05-05 14:35:00,-137.88838751089352,-0.0013788838751089352,-25711.51366673205,False,2023-05-05
21109,long,18200.569875,5.494333456962703,2023-05-08 09:20:00,21170.0,18319.717845,2023-05-08 14:25:00,604.6386779001784,0.006046386779001784,-25106.874988831874,True,2023-05-08
21212,long,18345.234340000003,5.4510069561749726,2023-05-09 09:20:00,21240.0,18367.463069999998,2023-05-09 11:40:00,71.16896185690949,0.0007116896185690949,-25035.706026974964,True,2023-05-09
21245,long,18378.73769,5.441070093427074,2023-05-09 12:05:00,21249.0,18370.56276,2023-05-09 12:25:00,-94.48036713886546,-0.0009448036713886547,-25130.18639411383,False,2023-05-09
21282,long,18314.831299999998,5.4600557527384925,2023-05-09 15:10:00,21283.0,18307.76904,2023-05-09 15:15:00,-88.56033334032833,-0.0008856033334032833,-25218.746727454156,False,2023-05-09
21315,long,18356.585475,5.447636224949945,2023-05-10 09:20:00,21320.0,18269.422875,2023-05-10 09:45:00,-524.8301372208202,-0.005248301372208202,-25743.576864674975,False,2023-05-10
21331,long,18305.480365,5.462844897050589,2023-05-10 10:40:00,21333.0,18288.171,2023-05-10 10:50:00,-144.55837626144142,-0.0014455837626144142,-25888.135240936415,False,2023-05-10
21334,long,18292.079025,5.4668471453315295,2023-05-10 10:55:00,21335.0,18284.321385000003,2023-05-10 11:00:00,-92.40983208848877,-0.0009240983208848877,-25980.545073024903,False,2023-05-10
21340,long,18300.8299,5.464233072840046,2023-05-10 11:25:00,21365.0,18286.1712,2023-05-10 13:30:00,-130.09855334484013,-0.0013009855334484013,-26110.643626369743,False,2023-05-10
21373,long,18319.781795,5.458580299645977,2023-05-10 14:10:00,21423.0,18344.065410000003,2023-05-11 09:45:00,82.55406244320895,0.0008255406244320895,-26028.089563926533,True,2023-05-10
21424,long,18331.833,5.454991871243863,2023-05-11 09:50:00,21425.0,18338.46597,2023-05-11 09:55:00,-13.817202567782566,-0.00013817202567782566,-26041.906766494314,False,2023-05-11
21429,long,18359.585775,5.44674597921314,2023-05-11 10:15:00,21448.0,18341.1657,2023-05-11 11:50:00,-150.32946944304456,-0.0015032946944304455,-26192.23623593736,False,2023-05-11
21458,long,18361.836,5.446078485833334,2023-05-11 12:40:00,21460.0,18345.46527,2023-05-11 12:50:00,-139.15628045037943,-0.0013915628045037944,-26331.39251638774,False,2023-05-11
21462,long,18359.785795,5.446686639842684,2023-05-11 13:00:00,21483.0,18352.36458,2023-05-11 14:45:00,-90.42103259189187,-0.0009042103259189187,-26421.81354897963,False,2023-05-11
21493,long,18360.73589,5.446404795488837,2023-05-11 15:35:00,21521.0,18288.270989999997,2023-05-12 09:20:00,-444.67317886463354,-0.0044467317886463355,-26866.48672784426,False,2023-05-11
21536,long,18296.02942,5.465666768697184,2023-05-12 10:35:00,21590.0,18330.816735,2023-05-12 15:05:00,140.13587156770873,0.0014013587156770874,-26726.350856276553,True,2023-05-12
21625,long,18356.53547,5.447651064844428,2023-05-15 09:25:00,21687.0,18448.304985000002,2023-05-15 14:35:00,449.9282961100263,0.004499282961100263,-26276.422560166528,True,2023-05-15
21727,long,18421.091925,5.4285598490655165,2023-05-16 09:20:00,21730.0,18393.66045,2023-05-16 09:35:00,-198.91340378565116,-0.0019891340378565114,-26475.33596395218,False,2023-05-16
21733,long,18436.8435,5.423921941952808,2023-05-16 09:50:00,21743.0,18399.1599,2023-05-16 10:40:00,-254.39290489177446,-0.0025439290489177448,-26729.728868843955,False,2023-05-16
21769,long,18404.04022,5.433589516465424,2023-05-16 12:50:00,21771.0,18386.1612,2023-05-16 13:00:00,-147.14725563667733,-0.0014714725563667733,-26876.876124480634,False,2023-05-16
21773,long,18405.740390000003,5.433087606425811,2023-05-16 13:10:00,21786.0,18371.812635000002,2023-05-16 14:15:00,-234.3324652043547,-0.002343324652043547,-27111.20858968499,False,2023-05-16
21886,long,18187.968615,5.498140123110169,2023-05-17 14:05:00,21887.0,18165.733245,2023-05-17 14:10:00,-172.25317994921198,-0.0017225317994921199,-27283.461769634203,False,2023-05-17
21891,long,18181.968015000002,5.499954675836008,2023-05-17 14:30:00,21941.0,18246.57516,2023-05-18 10:10:00,305.3363692351547,0.0030533636923515467,-26978.125400399047,True,2023-05-17
21954,long,18269.8268,5.473505638269105,2023-05-18 11:15:00,21965.0,18251.024715,2023-05-18 12:15:00,-152.91331825871143,-0.0015291331825871143,-27131.038718657757,False,2023-05-18
22032,long,18183.568175,5.499470678009543,2023-05-19 09:20:00,22035.0,18150.334785000003,2023-05-19 09:35:00,-232.76605383584237,-0.002327660538358424,-27363.8047724936,False,2023-05-19
22055,long,18153.8152,5.508483968703174,2023-05-19 11:15:00,22072.0,18118.237995,2023-05-19 12:40:00,-245.97646339377417,-0.002459764633937742,-27609.781235887374,False,2023-05-19
22082,long,18156.065425,5.507801258652933,2023-05-19 13:30:00,22135.0,18220.67775,2023-05-22 09:20:00,305.87184495948264,0.0030587184495948264,-27303.909390927893,True,2023-05-19
22136,long,18276.777495000002,5.471424053138312,2023-05-22 09:25:00,22175.0,18313.018515,2023-05-22 12:40:00,148.28998853825385,0.0014828998853825385,-27155.61940238964,True,2023-05-22
22183,long,18320.731890000003,5.45829722308108,2023-05-22 13:20:00,22185.0,18287.571060000002,2023-05-22 13:30:00,-231.00166630406767,-0.002310016663040677,-27386.621068693705,False,2023-05-22
22193,long,18320.8319,5.458267427255855,2023-05-22 14:10:00,22213.0,18322.367580000002,2023-05-22 15:50:00,-41.617847877307,-0.00041617847877307,-27428.238916571012,False,2023-05-22
22237,long,18385.988415,5.438924345150578,2023-05-23 09:20:00,22268.0,18403.409475,2023-05-23 11:55:00,44.751827352332086,0.00044751827352332085,-27383.48708921868,True,2023-05-23
22271,long,18410.040820000002,5.431818483061896,2023-05-23 12:10:00,22272.0,18410.85873,2023-05-23 12:15:00,-45.55726134453005,-0.0004555726134453005,-27429.04435056321,False,2023-05-23
22273,long,18417.14153,5.429724251024963,2023-05-23 12:20:00,22285.0,18401.45967,2023-05-23 13:20:00,-135.14817554318157,-0.0013514817554318157,-27564.19252610639,False,2023-05-23
22292,long,18417.14153,5.429724251024963,2023-05-23 13:55:00,22294.0,18412.85853,2023-05-23 14:05:00,-73.2555089671369,-0.000732555089671369,-27637.44803507353,False,2023-05-23
22295,long,18415.14133,5.430314012148828,2023-05-23 14:10:00,22302.0,18388.860930000003,2023-05-23 14:45:00,-192.71082436485437,-0.0019271082436485437,-27830.158859438383,False,2023-05-23
22349,long,18355.485365,5.447962721306117,2023-05-24 10:00:00,22371.0,18359.213895,2023-05-24 11:50:00,-29.68710755472677,-0.0002968710755472677,-27859.84596699311,False,2023-05-24
22404,long,18341.583975,5.452091822402159,2023-05-24 14:35:00,22407.0,18277.122105000002,2023-05-24 14:50:00,-401.45203428374657,-0.004014520342837466,-28261.298001276857,False,2023-05-24
22421,long,18302.780095000002,5.463650848720968,2023-05-24 16:00:00,22444.0,18291.07071,2023-05-25 09:20:00,-113.9759912932611,-0.001139759912932611,-28375.273992570117,False,2023-05-24
22480,long,18256.8255,5.477403505883321,2023-05-25 12:20:00,22484.0,18231.77664,2023-05-25 12:40:00,-187.20271358237483,-0.0018720271358237484,-28562.47670615249,False,2023-05-25
22503,long,18245.8244,5.480706040336549,2023-05-25 14:15:00,,,,,,,False,2023-05-25
